category,receipt word
1,"미니사이즈의 가래떡핫도그는 눈으로만 봐도 앙증맞아요.    계피향이 은은한 팥고물에 겉은 바삭하고 속은 쫄깃해 따뜻할 때 먹으면 아이들 건강 간식으로 최고예요.     냄비에 팥 두른 팬에 약한 불로     노릇해질 때까지 굽고, 칼집을 깊게 내면 떡이 익으면서 자연스레 벌어져 공간이 생겨요.  칼집 속에 앙금을 짜 넣고     다진 호두와 피칸을 뿌려 마무리. 앙금에 꿀을 살짝 발라 다진 견과류를 뿌리면 잘 붙어요."
1,"늘 먹던 밑반찬이 지겨울 때 뚝딱 만들기 좋은 메뉴예요.      달달하면서도 부드러운 단호박과 고소하면서 바삭한 호두 식감이 어우러져 계속 먹어도 물리지 않아요.     단호박은 껍질째 깨끗이 씻어  씨를 파내고 먹기 좋게 사각  썰고, 호두는 반으로 가르고,  식용유을 넣고  한 번 더 조려 마무리."
1,"매년 돌아오는 빼빼로데이.     아이가 친구 준다며 사달라는 걸 마냥 외면하기도 어려워요.     이번에는 아이와 함께 만들어 유치원갈 때, 학교 갈 때 손에 들려 보내주세요.     볼에 따뜻한 물을 담고   작은 볼에 초콜릿을 담아 중탕으로   전자레인지에 10초간 돌리고   저은 뒤 또 10초 돌려 완전히   녹이고, 초콜릿에 물이 들어가면 굳으니 랩을 씌워요.  과자스틱에 초콜릿을 묻혀  유산지 위에 두고, 상자에 구멍을 뚫어 꽂아서 초콜렛을 굳혀도 좋아요.   스프링클을 뿌려 장식하고  초콜릿을 완전히 굳혀 마무리. 기호에 따라 다진 아몬드나 땅콩을 뿌려도 좋아요."
1,"진한 고기육수와 푸짐한 건더기가 매력적인 육개장.     혼자서 해먹기엔 조리과정이 부담스럽죠?    매콤한 육개장 양념과 냉장고 속 물만두로 비슷한 맛을 내봤어요.       밥이 없어도 한 끼 식사로 든든해요.   을 고루 섞고,  끓는 물과 다시마를     넣고 끓으면 다시마를 건진 뒤     양념에 버무린 채소와 대파를     넣어 5분 정도 끓이고,  물만두를 넣고 3분 정도     끓이다가 달걀을 풀어 넣고     한 번 더 끓여 마무리. 소금으로 간을 맞추세요."
1,"먹다 보면 꼭 몇 개씩 남는 탕수육!      때깔 나는 메뉴로 변신시켜보는 건 어떨까요?      칠리소스 만들어 탕수육에 빨간 옷을 입히니     ‘이거 진짜 남은 탕수육 맞아?’ 하는 감탄사가 절로 나오네요.     양파는 다지고,  청양고추는 송송 썰고,를 만들고,  탕수육을 키친타월에 올려  전자레인지에 1분 정도 돌리고,  달군 팬에 식용유을 넣어 끓이고,  데운 탕수육과 청양고추를 넣고  살짝 버무린 뒤 밥 위에 올려  마무리."
1,"노오란 호박 속 알차게 담긴 영양 한 그릇.     고기 없이도 몸보신하기 좋네요.       쫀득한 밥 속 살짝 씹히는 대추의 달큰함과 밤의 고소함, 호박의 단맛이 잘 어울려요.      영양가 많은 호박 껍질까지 쪄냈으니 아낌없이 드세요.      쌀과 찹쌀은 1시간 전에 불려 놓으세요.   대추는 깨끗이 닦아 씨를 빼고  3등분하고, 밤은 껍질을 벗겨  반으로 나누고, 대추는 세로로 칼집을 넣어 돌려 깎듯 썰어 씨를 제거해요.   수삼이나 콩 등 다양한 재료를 추가해도 좋아요.  불린 쌀과 찹쌀에 물를 두르고  약한 불에서 볶아 껍질을 벗기고, 껍질이 벗겨지며 파랗게 변할 때까지 볶아주세요. 센 불에 볶으면 딱딱해져요.  밥이 완성되면 은행을 넣고 고루 섞어  단호박 속에 채워 넣고,  김 오른 찜통에 넣고 10분간 쪄서  마무리. 뚜껑을 닫고 쪄 주세요."
1,"와인이나 진한 커피 한 잔과 잘 어울리는 메뉴예요.     계핏가루를 뿌려 향도 좋고 보기에도 근사해서 손님상에 디저트로 내도 손색없네요.     버터, 설탕이 들어갔지만 생각보다 많이 달지 않아요.     마지막에 맛을 보고 설탕 양을 조절하세요.      무염버터일 경우 소금을 넣어 간해요.   단호박을 깨끗이 씻어 씨를  파내고 전자레인지에  2~3분간 익히고,  익힌 단호박을 도톰하게  C자로 썰고,   버터는 전자레인지에 30초  돌려 녹인 후 단호박에  고루 버무리고,  팬에 호박을 올려 중간 불로  노릇하게 구워 꺼내고  설탕, 계핏가루, 아몬드를  뿌려 마무리. 백설탕 대신 황설탕을 사용해도 좋아요."
1,"무를 큼직하게 썰어 표고버섯과 함께 간장 양념에 조린 반찬이에요.    가을무의 달큰하고 시원한 맛과 향긋한 표고버섯 향이 어우러져 한층 더 깊은 맛을 느낄 수 있어요.      무는 도톰하게 썰고,  표고버섯은 밑동을 뗀 뒤 어슷 썰고, 칼을 뉘어 어슷하게 썰면 버섯의 두께가 일정해요.  냄비에 무와 다시마를 넣고  무가 잠길 정도의 물을 부어  약한 불에서 끓이고, 끓으면 다시마는 건져 한입 크기로 잘라주세요.   무가 반 정도 익으면 표고버섯과 재료를 넣어 중간 불에서  조리고, 이쑤시개로 무를 찔러 반이상 들어가면 버섯을 넣어요.  국물이 자작해지면 한입 크기로 썬  다시마를 넣어 마무리. 접시에 담고 통깨를 뿌려주세요."
1,"김장철 앞두고 지난해 담근 김치가 아직 많이 남아 있다고요?      그렇다면 냉동실에 얼려둔 오징어에 두부, 김치를 넣고 시원한 오징어김칫국을 끓여보세요.      숙취해소와 피로회복에 좋은 오징어의 타우린 성분이 개운하게 속을 풀어줘요.     오징어는 깨끗이 손질해  한입 크기로 썰고,  두부는 한입 크기로 길게 썰고,  배추김치는 송송 썰고,  풋고추는 어슷 썰고,   냄비에 물으로  간을 하고,  풋고추와 두부를 넣고 한 번  더 끓여 마무리."
1,"불타는 금요일엔 직화구이 술상이 어울리죠?    석쇠에 구워 불맛이 느껴지는 고기, 대파, 마늘 꼬치삼총사.    따뜻할 때 시원한 맥주와 함께 먹으면 더 맛있어요.      쇠고기는 에 30분간 재우고,  대파는 5cm 길이로 썰고,   마늘은 끓는 물에 3분 정도 익히고,  대파, 마늘, 고기를 각각 꼬치에 꽂고, 나무꼬치를 물에 담갔다가 사용하면 구울 때 쉽게 타지 않아요. 재료별로 꽂아야 익는 시간을 맞추기 쉬워요.  석쇠를 센불로 달군 뒤 중약불로  줄이고 꼬치를 앞뒤로 돌려가며  고루 구워 마무리. 타지 않게 일정거리를 유지하고 남은 고기 양념을 재료에 발라가며 구워요."
1,"케첩 맛이 듬뿍 느껴지는 달착지근한 소시지야채볶음이 아니고요.     소주와 함께 즐기는 본격 성인용 버전 소야랍니다.     얇게 썬 마늘과 매콤한 스리라차 칠리소스를 넣어 볶으니 안주로 딱!     양파와 피망, 양배추는 한입 크기로  썰고, 마늘은 얇게 썰고,  비엔나소시지는 칼집을 내고, 기름기가 싫다면 끓는 물에 살짝 데쳐서 사용해요.   달군 팬에 식용유으로 대체하세요."
1,"밥과 김치는 볶고, 비비고, 끓이고 어떻게 해도 맛이 보장되는 최고의 조합이에요.     이번에는 과감하게 비벼봤어요.      오이를 소금에 살짝 절여 재빨리 볶아 넣는 게 더 맛있게 즐기는 팁이랍니다.      달걀프라이와 김가루를 더해 즐겨도 깔끔해요.     오이는 얇게 썰어 소금를 두른 팬을 센 불로  달궈 오이를 넣고 살짝 볶아 건지고,  밥 위에 김치와 오이, 날치알을  올리고 을 곁들여 마무리. 취향에 따라 달걀프라이와 김가루를 더해도 좋아요."
1,"피시소스로 간하고 청양고추로 매운맛을 더한 닭고기볶음이에요.    보기에 하얗다고 만만히 봤다가는 큰코다쳐요.    금요일 밤 술안주로 반전의 매력이 있는 하얀닭고기볶음 어떠세요?    피시소스가 없다면 멸치액젓를 두르고  페페론치노를 볶아 매운 향을 내고, 페페론치노를 반으로 갈라넣으면, 더 강한 매운맛을 낼 수 있어요.  센불로 올려 닭고기를 넣고  닭이 반 이상 익을 때까지 볶고,  양파, 대파를 넣고 닭고기가  다 익을 때까지 볶은 뒤 청양고추를  넣고 한 번 더 볶아 마무리."
1,"경상도 지방에서 많이 먹는 배추전에 싱싱한 굴을 올려 함께 부쳐봤어요.     달큰하고 아삭아삭 씹히는 맛이 살아 있는 배추와 담백한 굴 맛이 어우러져 간식으로도 술안주로도 손색없답니다.     배추 잎은 깨끗이 씻어   굵은 줄기 부분에 길게 칼집을 내고, 배추가 둥글기 때문에 칼집을 내주면 전을 편편하게 부칠 수 있어요.  굴은 소금물에 흔들어 씻어  물기를 빼고, 고추는 송송 썰고, 은 고루 섞고,  배추와 굴에 밀가루를 묻힌 뒤  여분의 가루는 털어내고,  달군 팬에 식용유를 두르고  배추를 반죽에 담갔다가 꺼내  팬에 올리고,  나머지 반죽에 굴을 넣고  잘 섞어서 배추 위에 올리고  고추도 올려 앞뒤로 노릇하게  지져 마무리.  을 곁들여 드세요."
1,"요즘은 다양한 시판 소스가 있어 보다 쉽게 요리를 할 수 있지만 가끔은 덜 자극적이게 즐기고 싶을 때가 있죠.     그런 날엔 재료를 하나하나 볶고 끓여가며 요리를 완성해보세요.     준비해야 하는 재료의 종류는 조금 늘어나지만 훨씬 더 깔끔하고 입에 맞는 요리를 만들 수 있을 거예요.       새우살은 옅은 소금물를 넣고 중간 불로  끓이고, 홀토마토는 미리 으깨 두세요. 믹서에 살짝 갈아도 좋아요.  끓어오르면 밥을 넣고 섞어 끓이고,  물기가 줄어들면 오븐용기에 담고  치즈를 뿌려 200℃로 예열한 오븐에  노릇하게 구워 마무리. 팬에서 바로 치즈를 뿌려 뚜껑을 덮고 약한 불로 녹여도 좋아요."
1,"먹고 남은 쇠고기가 냉동실 한 구석을 차지하고 있다면 밥과 함께 후다닥 볶아봐요.     다른 요리에 쓰기에는 애매하게 남은 채소도 모두 모아 넣어요.    별다른 양념 없이 간장으로만 간을 맞췄는데도 완벽한 한 끼 식사가 완성!     갑자기 방문한 손님에게 대접해도 손색없답니다.     쇠고기는 키친타월에 밭쳐     청주를 넣어 간을 하고,     숙주와 부추를 넣어 재빨리 섞은 뒤     바로 불을 끄고,  그릇에 담고 달걀프라이를 만들어     얹어 마무리."
1,"수능 당일의 도시락에는 평소 좋아하는 반찬을 한두 가지 넣어주는 것이 좋아요.     누구나 즐겨 먹는 메추리알장조림은 부드럽고 자극적이지 않아 수능 도시락 반찬으로도 손색없죠.      수능 당일 반찬을 걱정하는 분들에게 추천하는 메뉴예요.     냄비에 메추리알을 넣고 물을     부은 후 소금를 넣어  약한 불에서 끓기 시작하면     10분 정도 더 삶고, 식초와 소금을 넣어 삶으면 메추리알이 터지지 않고 껍질이 잘 벗겨져요.  새송이버섯은     반 자른 후     손으로 잘게 찢고,     꽈리고추는 반으로 썰고,     메추리알은 껍질을 까고, 에 메추리알을 넣어 끓이고,  새송이버섯을 넣고 조림장이     밸 때까지 약한 불에서 끓이고,  꽈리고추를 넣고 5분 정도     더 끓여 마무리."
1,"땀 뻘뻘 흘려가며 얼큰한 국물을 먹고 나면 정신이 번쩍 들죠.     해물의 시원한 맛과 감칠맛이 어우러진 홍합오징어 매운찌개로 오늘 저녁을 준비해보세요.     목이버섯은 미지근한 물에 불려     적당한 크기로 찢고, 마늘, 생강,     양파는 채 썰고, 대파는 어슷 썰고,  오징어는 먹기 좋은 크기로 썰고,     홍합살은 소금물에 씻어 건지고,   냄비에 식용유과     대파를 넣어 한 번 더 끓여 마무리."
1,"시판 떡갈비에 직접 만든 바비큐소스를 얹어 수제버거 부럽지 않은 햄버거를 만들 수 있어요.      냉장고에 있는 채소를 더하거나 남아 있는 프레시 모차렐라 치즈를 사용해도 좋아요.     직접 만든 바비큐소스는 어떤 고기 요리에도 잘 어울리니 찹스테이크, 구운 닭고기 등에 곁들여보세요.      우스터소스가 없다면 간장를 두르고 시판 떡갈비를  노릇하게 구운 뒤 가장자리로 밀고  빈 공간에 달걀을 올려 프라이하고, 중약 불로 구워요.  빵 안쪽에 마요네즈를 바르고,  빵에 양상추 → 떡갈비 → 바비큐소스→  슬라이스 체다치즈 → 토마토 →  양파 → 달걀프라이 순으로 올린 뒤  남은 빵으로 덮어 마무리. 취향에 맞게 베이컨이나 파인애플을 구워 올려도 좋아요."
1,"머리 쓸 일이 많은 수험생들을 위해 견과류 반찬을 준비해주세요.     고단백 닭 가슴살을 넣어 함께 볶아주면 공부에 지친 아이들도 힘이 날 거예요.      적당히 매콤한 양념에 담백한 닭가슴살과 고소한 캐슈넛이 잘 어울리네요.     마른고추, 청양고추,  대파는 작게 썰고,  닭 가슴살은 작은 주사위 모양으로  썰어 하고,을 만들고,   달군 팬에 식용유을  두르고 마른고추를 넣어 향을  낸 후 대파를 넣어 볶고,  밑간한 닭고기를 넣고 볶다가  청양고추를 넣어 볶고,  양념장을 넣고 센불에서 1분 정도  볶다가 볶은 캐슈넛을 넣고 섞어  마무리."
1,"여러 가지 재료를 다듬어야 하는 카레가 번거롭다면 카레가루로 리소토를 만들어보세요.     카레의 강한 향을 싫어해도 리소토의 부드러우면서 은은한 맛은 입에 딱 맞을 거예요.     심심한 죽을 대신하기에도 손색없답니다.     피망은 씨를 제거한 뒤 굵게 다지고,  냄비에 찬밥과 물을 넣고  살짝 더 끓여 마무리."
1,"말린 나물에는 비타민과 무기질이 풍부하게 들어있죠.     향긋한 취나물을 고추장으로 감칠맛나게 무쳤어요.      3교시에도 힘내서 집중할 수 있도록 도와줄거에요.     마른취나물은 따뜻한 물에     2시간 정도 불리고,  불린 취나물은 30분 정도     삶은 후 불을 끄고 그대로  2시간 정도 두고,   부드러워진 취나물은     물기를 짜고 먹기 좋게     썰어  넣어 버무려     마무리."
1,시험 마지막까지 힘을 낼 수 있도록 단백질이 풍부한 순두부탕을 끓여주세요.      담백하게 끓여 소화도 잘 되고 술술 넘어가 부담이 없죠.      시험 당일 도시락 메뉴로 추천입니다.      물 넣어 마무리.
1,"감자와 비슷하게 생긴 토란은 10월이 제철로 쫄깃하고 부드러운 식감이 특징이죠.      지방이 거의 없고 땅 속의 알이란 이름대로 영양도 풍부해요.      보통은 탕국으로 많이 먹지만 멸치와 간장에 조리면 색다른 밑반찬이 돼요.     껍질 깐 토란은 먹기 좋은 크기로 썰고, 껍질이 있는 토란은 흙을 씻고 끓는 물에서 3~4분간 삶은 뒤 껍질을 벗겨요.  끓는 쌀뜨물에 넣어 1~2분간 데치고, 토란을 쌀뜨물에 데치면 아린 쓴맛과 갈변을 예방할 수 있어요.   잔멸치는 체에 넣고 흔들어  잔가루를 털어내고, 멸치가 눅눅하다면 마른 팬에 중약 불로 살짝 볶아요.  냄비에 식용유을 넣고 섞어가며  살짝 더 조린 뒤 통깨를 뿌려 마무리."
1,"제주도 음식인 갈칫국은 매콤하게 끓여내면 속이 뻥 뚫릴 정도로 시원한 맛이 일품이죠.      여기에 제철 맞은 단호박과 얼갈이배추가 국물맛을 은은하게 살려주네요.     신선한 갈치로 끓여야 맛이 제대로 살아요.         갈치는 지느러미와 내장을 제거하고     비늘을 긁어 토막 낸 뒤     소금, 청양고추, 대파를 넣어     한 번 더 끓인 뒤 후춧가루를 넣고     마무리."
1,"쌀쌀한 날씨에는 역시 따끈하고 달콤한 고구마가 최고죠.      굽고 삶던 고구마를 밥에 넣으니 간편하고 맛도 있어요.     포만감이 더해지니 은근 다이어트 효과까지 기대하게 되네요.       밑반찬 하나만 있어도 한 끼 뚝딱 해결!     쌀을 3번 정도 깨끗이     헹군 뒤 물에 담가     30분간 불려 준비하고,  고구마는 껍질을 벗겨     한입 크기로 썰고,   쌀은 물기를 빼 고구마와      함께 전기밥솥에 담고,  불린 쌀과 동량의 물을 붓고     취사하여 마무리."
1,"감자와 비슷하게 생긴 토란은 10월이 제철로 쫄깃하고 부드러운 식감이 특징이죠.      지방이 거의 없고 땅 속의 알이란 이름대로 영양도 풍부해요.      보통은 탕국으로 많이 먹지만 멸치와 간장에 조리면 색다른 밑반찬이 돼요.     껍질 깐 토란은 먹기 좋은 크기로 썰고, 껍질이 있는 토란은 흙을 씻고 끓는 물에서 3~4분간 삶은 뒤 껍질을 벗겨요.  끓는 쌀뜨물에 넣어 1~2분간 데치고, 토란을 쌀뜨물에 데치면 아린 쓴맛과 갈변을 예방할 수 있어요.   잔멸치는 체에 넣고 흔들어  잔가루를 털어내고, 멸치가 눅눅하다면 마른 팬에 중약 불로 살짝 볶아요.  냄비에 식용유을 넣고 섞어가며  살짝 더 조린 뒤 통깨를 뿌려 마무리."
1,"버섯을 썰 때부터 밥을 짓는 동안 집안 가득 맛있는 냄새가 퍼지네요.     쫄깃한 식감 덕분에 밥 한 그릇으로도 풍성한 느낌이 들어요.     찌개와 먹어도 좋고 매콤한 양념장을 곁들여 일품요리로 즐겨도 맛있어요.      쌀과 차조는 3번 정도 깨끗이   헹군 뒤 물에 담가  30분간 불려 준비하고,  느타리버섯은 밑동을   제거한 뒤 가닥가닥 뜯고,  불린 표고버섯은 물기를  제거해 얇게 썰고, 마른 표고버섯을 20~30분 간 물에 담가 말랑해지면 건져요. 시간이 없다면 미지근한 물에 설탕을 넣어 불리세요.   불린 쌀과 차조는 물기를 빼  밥솥에 넣고 버섯을 올리고,  불린 쌀의 90% 분량의 물을  부어 취사하고 을 올려 마무리. 버섯에서 수분이 나오니 밥물을 조금 적게 넣어요."
1,"쓰러진 소도 벌떡 일으킨다는 낙지!      가을이 제철이니 맛깔나는 볶음요리로 만들어 제대로 즐겨보세요.     다크서클이 턱까지 내려오는 가족을 위한 보약 메뉴로 이만한 게 없어요.     아삭한 콩나물과 통통하게 살 오른 낙지가 밥상을 풍성하게 채워줄 거예요.     콩나물은 머리와 꼬리를 뗀 뒤  깨끗이 헹궈 물기를 제거하고,  양파와 깻잎은 굵게 채 썰고,  대파는 어슷 썰고,  낙지는 소금을 넣고  재빨리 섞어 마무리. 불을 끄고 통깨를 뿌리세요. 낙지를 먹기 좋은 크기로 잘라 드세요."
1,"가을 하면 역시 전어!      집 나간 며느리도 돌아오게 한다는 전어는 불에 올려놓자마자 맛있는 냄새가 풍기기 시작해요.      여기에 데리야키소스의 달콤하고 고소한 맛이 더해지니 누구든 입맛 다시지 않을 수 없네요.     밥반찬은 물론이고 술안주로도 잘 어울려요.     전어는 꼬리에서 머리 방향으로  칼등으로 긁어 비늘을 제거하고,  꼬리 끝과 지느러미를 자르고,  아가미를 벌려 내장을 제거하고  깨끗이 헹궈 물기를 제거한 뒤  몸통에 2~3번 깊게 칼집을 넣고, 소스를 발라 간을 맞추기 때문에 따로 밑간을 하지 않아요. 소금구이로 먹을 경우 손질한 뒤 천일염을 뿌려 10분간 재웠다가 구우세요.   중간 불로 달군 팬에 식용유를  두른 뒤 전어를 올리고 중약 불로 줄여 손질한 전어의 물기를 최대한 제거해야 팬에 비늘이 달라붙지 않아요.  전어를 구울 동안 다른 팬에를 중약 불로 조려  걸쭉하게 만들고,  전어가 노릇한 색이 나기 시작하면  소스를 발라가며 조금 더 구워 마무리. 데리야키소스를 바른 뒤 오래 구우면 타기 쉬우니 전어를 80% 이상 익힌 뒤 소스를 발라 재빨리 마무리하세요.  대파채를 올려도 좋아요."
1,"짭조름하게 조린 오징어장조림에 시원한 무와 부드럽게 씹히는 통마늘을 더했더니 깔끔한 반찬이 되었어요.     삶은 메추리알이나 달걀, 꽈리고추, 채 썬 우엉 등 좋아하는 재료를 다양하게 활용해보세요.     식어도 맛있어서 도시락 반찬으로도 딱이에요~   은 고루 섞고,  무는 껍질을 벗겨 큼직하게 썰고,  마늘은 꼭지를 떼고,   오징어는 링 모양으로 썰고,  다리도 적당한 길이로 썰고,  냄비에 무와 마늘, 마른 표고버섯,  다시마를 넣고 물을 넣어 마무리. 국물에 밥을 비벼먹어도 맛있어요."
1,"향긋한 바다 향이 고스란히 배어 있는 별미 해물밥이에요.     사시사철 쉽게 구할 수 있는 오징어에 새우살과 홍합살을 넣어         풍성함을 더했어요. 아삭아삭 씹히는 연근 먹는 재미에 입 안이 더 즐겁답니다.     쌀은 찬물에 담가 30분~1시간 정도 불려 준비하세요. 은 고루 섞고,  연근은 껍질을 벗겨 작게 썰고,   오징어도 작게 썰고,  새우살과 홍합살은 옅은 소금물  을 넣고 밥을 지어 마무리. 양념장을 곁들여 드세요."
1,"입맛 없는 날 물에 찬밥을 말아 새콤한 반찬 하나 곁들여 보세요.     매콤하고 부드러운 고구마줄기볶음은     요리 하기 귀찮은 날 땀 한 방울 흘리지 않고 금세 완성된답니다.       삶은 고구마줄기는   먹기 좋은 길이로 썰고,  생고구마줄기는 겉의 섬유질을 벗겨낸 뒤 끓는 물에 소금을 넣고 물러질 때까지 삶아 사용해요.  중간 불로 달군 팬에 들기름을     두르고 고춧가루를 넣고 볶아     향과 색을 내고,   고구마줄기를 넣어 볶고,  다진 마늘, 국간장, 설탕, 통깨를     넣고 섞어 마무리."
1,"김치만 담가 먹던 열무를 쫄깃한 우럭과 함께     매콤한 양념장에 조려내니,     열무는 열무대로 간이 잘 배 맛있고,       우럭은 탱탱한 살이 다른 생선들과는 또 다른 맛이에요.       찬밥에 따끈한 우럭살을 얹어 한번 드셔보세요.      열무는 다듬어 끓는 물에 소금을      넣고 데친 뒤 찬물에 헹궈 물기를     꼭 짜 먹기 좋은 크기로 썰고 열무를 눌러보아 어느 정도 물러질 때까지 데쳐요.  우럭은 지느러미와 꼬리, 내장을     정리하고 3등분해 소금, 후춧가루를     뿌려 10분간 두고,   대파는 어슷 썰어 과 섞고,  냄비에 열무를 깔고 우럭을 올린 뒤     양념장을 고루 뿌려 중간 불로 끓이고,  뚜껑을 살짝 열고 국물을 끼얹어가며     국물이 자작해질 때까지 조려 마무리."
1,"대한민국 어느 휴게소에도 빠지지 않는 간식이 있다면 아마도 통감자버터구이가 아닐까 싶어요.    그 고소한 냄새가 코끝을 자극하면 나도 모르게 지갑이 열리죠.    노릇하게 구워진 통감자버터구이를 만들어보세요.     냄비에 물를 녹이고, 버터는 쉽게 타므로 센불에 녹이지 마세요.  감자를 넣어 중불에서 노릇하게  굽고,  설탕과 파슬리가루를 뿌려 마무리."
1,"데리야키는 양념구이의 일본말이에요.     간장, 설탕, 맛술로 맛을 낸 소스를 부르는 말이기도 하죠.     넉넉히 만들어두면 고기나 해물요리에 다양하게 활용할 수 있어요.     오징어 볶을 때 한번 넣어보세요.     달콤 짭짤한 맛에 젓가락질을 멈출 수 없을 거예요.     가쓰오부시를 제외한 데리야키  소스 재료를 약한 불에서 15분 정도  졸이고, 가쓰오부시를 넣고 불을  끈 후 식혀 걸러  를 만들고   냉장고에 보관해 두었다가 생선이나 고기를  굽거나 볶을 때 사용하면 좋아요.  1~2주 정도 보관 가능해요.  오징어는 안쪽에 칼집 넣어   먹기 좋게 썰고,   마늘, 마른고추는 얇게 썰고,    청피망도 비슷한 크기로 썰고,  팬에 식용유와  청피망을 넣고 한 번 더 볶아 마무리."
1,"명절이나 손님 초대상의 단골 메뉴 갈비찜.    항상 해 먹던 갈비찜이 식상하다면 달콤한 과일을 듬뿍 넣어보세요.    천연 단맛이 추가돼 더 맛있으면서 영양도 듬뿍!    키위나 파인애플, 사과, 배 등을 넣으면 연육효과가 있어 고기가 더 부드러워진답니다.     돼지갈비는 찬물에 1시간 이상  담가 핏물을 제거하고, 2~3번 정도 새 물로 바꿔주세요.  냄비에 돼지갈비와 ,  넉넉하게 물을 붓고 센불에 올려  끓어오르면 약한 불로 줄여  1시간 정도 푹 익히고, 뚜껑을 열고 끓이세요. 은 고루 섞고, 양념장에 고기를 넣고 냉장실에서 하루 정도 재우면 간이 잘 배서 더 맛있어요.  당근은 한입 크기로 썰어 모서리를  둥글게 다듬고, 대파는 어슷 썰고,  파인애플과 키위, 바나나는  한입 크기로 썰고,  냄비에 익힌 돼지갈비와 면포에 거른  육수과 과일, 대파를 넣고  섞은 뒤 고기에 양념이 밸 때까지  졸여 마무리. 바나나는 쉽게 무르니 마지막에 넣어요."
1,"영화관에 가면 꼭 한 번씩은 찾게 되는 캐러멜팝콘.    강냉이를 이용해 간단하게 만들어보세요.    아빠의 맥주 안주로도 좋고, 아이들 간식으로도 인기 만점인 메뉴랍니다.     팬에 설탕을 넣고  불을 켜지 않은 상태에서 섞은 뒤  나머지  재료를 넣고, 나중에 강냉이를 넣고 버무릴 수 있도록 큰 팬을 사용하세요.  약한 불에서 재료가 서서히  녹을 때까지 젓지 않고 끓이고, 설탕이 녹을 때 저으면 굳어버려요.   보글보글 올라오는 기포의 크기가  커지면 불을 끈 뒤 재료를 섞고,  캐러멜소스에 강냉이를 넣어 섞고, 팝콘으로 만들어도 좋아요.  가급적 붙지 않게 넓은 쟁반에  펼쳐서 식혀 마무리."
1,"과일을 갈아 넣고 하루 정도 숙성시켜 더 맛있는 양념장을    신선한 채소와 함께 넣어 비빔국수로 만들었더니 입맛 없는 여름철에 딱 좋은 별미예요.    국수는 메밀면, 소면, 우동면 등 취향에 따라 선택하세요.      다시마물은 찬물를 10분 정도 담갔다가 건져 사용해요.  재료를 믹서에  곱게 간 뒤 냉장실에서  하루정도 숙성시키고,  오이는 어슷 썰고,  적채와 파프리카는 채 썰고,  토마토는 씨를 제거해 채 썰고,   골뱅이는 납작하게 썰고,  메밀국수는 4분 정도 삶아 찬물에  헹궈 체에 받쳐 물기를 빼고, 국수 포장 뒷면의 삶는 시간을 참조하세요.  그릇에 국수와 채소, 골뱅이를 돌려  담은 뒤 양념장을 곁들여 마무리."
1,"더위 때문에 달아난 입맛이 걱정이라면 새콤하게 무친 골뱅이무채를 얹어 비빔밥을 들어보세요.    여기에 고소한 참기름 한 방울이면 잃었던 입맛도 금세 돌아오죠.     무는 채 썰고,   골뱅이는 얇게 저며 썰고, 골뱅이 국물과 통깨를 뿌려 마무리."
1,"제철 과일이 좋은 이유는 가장 맛있고 영양가도 좋기 때문이죠.    포도가 가장 맛있는 여름에 토르티야로 초간단 피자를 만들어봐요.    복잡한 토핑 없이도 맛있는 피자를 만들 수 있답니다.    간식으로도 좋고 간단한 한 끼 식사로도 good!      씨가 없는 칠레산 포도를 사용하면 좋아요.   포도는 깨끗이 씻어 얇게  썰고, 바나나도 얇게 썰고,  토르티야에  슈레드 모차렐라치즈와  포도, 바나나를 올리고,   꿀를  뿌리고,  200℃로 예열한 오븐에서  15분 정도 구워 마무리. 팬에 뚜껑을 덮고 약한불로 구워도 좋아요."
1,"물이 많이 생기는 가지는 달군 팬에 식용유 없이 구운 뒤 양념해보세요.    국물이 잘 생기지 않고 쫄깃하면서도 부드러운 맛이 난답니다.     가지는 깨끗이 씻어   꼭지를 떼어낸 뒤   도톰하게 어슷 썰고,  달군 팬에 식용유 없이   앞뒤로 갈색 빛이 돌도록 굽고,   쟁반에 펼쳐 식힌 뒤   손으로 찢어 2등분하고,을 고루 섞고,  구운 가지에 양념장을 넣어 버무리고,  참기름를 넣고   한 번 더 버무려 마무리. 참기름은 마지막에 넣어야 고소한 향을 느낄 수 있어요."
1,"만만한 메뉴지만 재료가 바뀌니 맛이 확 달라지네요!    멸치육수 대신 조개와 쌀뜨물로 시원하고 구수하게 맛을 내고, 호박잎을 넣어 부드럽고 구수하답니다.     탱글탱글 모시조개 살도 건져 먹고 칼칼한 국물도 한입 떠보세요.    호박이나 버섯을 곁들여도 좋고, 들깻가루나 감자를 더해 진하게 즐겨도 좋아요.    참, 해감한 모시조개를 구입했더라도 한 번 더 해감하는 게 좋아요.      식이섬유가 많은 호박잎은 다이어트, 노화방지, 피부미용에 효과가 있어 여자들에게 특히 좋아요.    거친 줄기만 벗겨 호박잎을 찐 뒤 쌈장이나 약고추장, 강된장을 올려 쌈밥을 만들어보세요.   호박잎은 줄기의 겉껍질을 풀고   호박잎을 넣어 중간 불로 끓이고,  호박잎이 부드러워지면   국간장, 다진 마늘, 고추, 대파를 넣고  2~3분 더 끓인 뒤 건져둔   모시조개를 넣고 한 번 더 끓여 마무리."
1,"열대과일 망고에 상큼한 식초드레싱을 더해 새콤달콤한 맛을 살린 샐러드예요.    아삭한 양상추와 바삭한 나초를 넣으니 씹는 맛도 좋아요.    상큼한 나초망고샐러드에 와인 한잔 어떠세요?   은 거품기로 고루 섞고,  양상추는 씻어 물기를 뺀 뒤  먹기 좋은 크기로 뜯고,   망고는 한입 크기로 썰고, 비교적 값이 저렴한 냉동 망고를 사용해도 좋아요.  볼에 양상추와 망고를 담고 을 넣어 버무리고,  나초를 큼직하게 부숴   샐러드 위에 뿌려 마무리. 나초는 비닐백에 넣어 부수면 편해요."
1,"탱글탱글, 쫄깃쫄깃, 꼬들꼬들한 식감이 돋보이는 메뉴!    장조림처럼 오래 졸일 필요 없고 저칼로리라 여름에 특히 반가운 밑반찬입니다.      짭조름한 양념장이 밥에 곁들이기 딱 좋네요.      견과류나 메추리알, 우엉, 어묵을 더해도 맛있겠죠?      밍밍한 맛이 싫다면 청양고추 살짝 더해보세요.     꽈리고추는 꼭지를 떼고    길이가 긴 것은 어슷하게 반으로 가르고,   표고버섯은 밑동을 제거한 뒤 납작하게 썰고,  곤약은 0.5㎝ 두께로 썰어    가운데 길게 칼집을 낸 뒤    칼집 안으로 한쪽 모서리를    접어 넣어 꽈배기 모양으로 만들고,   끓는 물을 넣어   고루 섞어가며 살짝 더 조린 뒤   참깨를 뿌려 마무리."
1,비오는 날 전이 먹고 싶은데 재료도 시간도 없을 때 냉동 물만두로 전을 만들어보세요.    납작하게 눌러 달걀 하나 더했는데 호응은 최고네요.     팬에 물만두와 물를 두르고 만두를 납작하게 누른 뒤  달걀과 쪽파를 넣어 앞뒤로 눌러가며 구워 마무리. 납작하게 누른 만두를 중간으로 모은 뒤 달걀을 고루 부어 고정시켜요.
1,"소면을 삶았는데 아뿔싸, 골뱅이가 없을 때!    쟁여둔 고추참치 캔 하나 따서 고추장을 더해 비벼보세요.    고추장 특유의 감칠맛에 군침이 절로 흐른답니다.     물을 넉넉히 끓여 소금을 3~4번 나눠 넣어가며 삶아요.   볼에 통조림 고추참치와    고추장을 넣어 섞고,   소면을 넣어 버무린 뒤    참기름과 통깨를 뿌려 마무리. 김가루나 채썬 오이를 올려도 좋아요."
1,"팥과 수박의 궁합은 생각조차 안 해봤다고요?    그냥 먹기에는 당도가 약간 부족한 수박에 팥을 더하니    그야말로 더위 타파 과일빙수 완성!    긴가민가 하고 맛보던 에디터들의 눈이 휘둥그래졌어요.     메뉴테스트에 점수가 있다면 아마 수박빙수가 일등일 거예요.   수박은 껍질을 벗기고 큼직하게  썰어 씨를 제거한 뒤 얼리고,   얼린 수박 절반을 갈아 그릇에  담은 뒤 빙수용 팥을 얹고,   남은 수박도 빙수기계에 갈아 담고  슈가파우더를 뿌려 마무리. 조금씩 섞어가며 먹어요."
1,"깔끔한 냉채요리가 당기지만 복잡한 조리과정이 부담스럽다면 이밥차식 두부냉채를 추천해요.    두부와 오이만 있어도 되니 따로 장보러 갈 필요도 없죠.    톡 쏘는 겨자소스와 잘 어우러져 여느 냉채요리 부럽지 않아요.   는 고루 섞어 냉장실에 차게 보관하고,   숙주는 3등분하고,  오이는 길게 반 갈라 어슷 썰고,   두부는 물기를 제거해 한입 크기로 썬 뒤  소금, 후춧가루를 뿌리고,   팬에 식용유를 두르고 두부를 노릇하게 구워 건져 식히고,   숙주를 센불로 재빨리 볶아 냉장실에서 식히고,   불에 모든 재료를 담고 겨자소스로 버무려 마무리."
1,"두부와 파프리카를 노릇하게 구워 토마토소스와 치즈를 듬뿍 끼얹은 건강한 피자예요.     두부가 토마토소스와 어우러지니 콩 냄새가 하나도 나지 않아 오리지널 피자와 견주어도 손색이 없답니다.      젓가락으로 집어 먹거나 포크, 숟가락으로 떠먹어도 좋아요.      토마토소스 대신 케첩를 두른 뒤  두부를 굽고, 겉은 노릇하게 바싹 구워요   두부가 노릇해지기 시작하면  팬 가장자리로 밀어내고  파프리카를 살짝 볶아 섞고,  약한 불로 줄인 뒤  토마토소스와 옥수수를 뿌리고,  모차렐라치즈를 뿌려 뚜껑을 덮고  치즈가 녹을 때까지 익혀 파슬리가루를  뿌려 마무리."
1,"쫀득한 떡 속에 아이스크림이 가득! 포크로 찍어 먹으니 손 시릴 걱정 없는 찰떡아이스는 꽁꽁 얼렸다가 살짝 녹았을 때 먹어야 제맛이에요. 이밥차에서는 호두맛 아이스크림을 사용했는데 좋아하는 맛으로 준비하세요.     아이스크림를 뿌리고 찰떡을 얹어 길게 민 뒤  한입 크기로 썰고,  동그랗게 빚어 얇게 펼친 뒤 준비한 아이스크림을 올려 녹기 전에 재빠르게 오므리고,  랩에 감싸 냉동실에 넣고 하루 정도 얼려 마무리."
1,"수박을 먹고 나면 산더미처럼 쌓이는 수박껍질.    하얀 부분은 그냥 버리지 말고 알뜰하게 나물로 만들어보세요.    아삭한 노각무침과 비슷한 맛으로 밥반찬에 딱이에요.    서양에서는 피클로 만들어 먹기도 한답니다.     수박껍질의 파란 부분은  필러로 벗겨내고  흰 부분만 얇게 썬 뒤  소금에 20분 정도 절여  찬물에 헹궈 물기를 제거하고,   대파는 작게 썰고, 은 잘 섞고,   수박껍질에 대파와 양념장을  넣고 무쳐 마무리."
1,"지치기 쉬운 여름, 수분과 비타민을 충전해보세요.    수박을 갈아 레몬즙을 섞은 에이드나 주스도 좋지만    샐러드로 든든하게 챙겨 먹어도 좋겠죠?    달달한 수박과 새콤한 레몬드레싱이    여름철 손님상 식전요리로도 잘 어울려요.     레몬은 베이킹소다나 식초를 탄   미지근한 물에 담가 10분 이상 두었다가  비벼 씻은 뒤 헹궈 물기를 제거하고 베이킹소다나 식초는 물과 1:10 비율에 맞춰 준비하세요.   샐러드 채소는 얼음물에 담갔다가 건져  아삭하게 준비하고,   수박은 한입 크기로 썰어  냉장실에서 차갑게 두고, 씨는 제거하세요.   레몬은 노란 겉껍질을 얇게 벗겨 다지고,  과육은 반으로 갈라 즙을 짜고, 레몬 껍질을 넣으면 더욱 진한 레몬향을 느낄 수 있어요. 강판이나 치즈그레이터, 감자칼을 이용하면 편해요.   레몬즙 에 레몬을 제외한  재료를  넣어 섞은 뒤 다진 레몬 껍질을 넣어 섞고   수박과 샐러드채소를 넣고  가볍게 버무려 마무리."
1,"팥과 수박의 궁합은 생각조차 안 해봤다고요?    그냥 먹기에는 당도가 약간 부족한 수박에 팥을 더하니    그야말로 더위 타파 과일빙수 완성!    긴가민가 하고 맛보던 에디터들의 눈이 휘둥그래졌어요.     메뉴테스트에 점수가 있다면 아마 수박빙수가 일등일 거예요.   수박은 껍질을 벗기고 큼직하게  썰어 씨를 제거한 뒤 얼리고,   얼린 수박 절반을 갈아 그릇에  담은 뒤 빙수용 팥을 얹고,   남은 수박도 빙수기계에 갈아 담고  슈가파우더를 뿌려 마무리. 조금씩 섞어가며 먹어요."
1,"생과일 아이스의 베스트 오브 베스트 토마토셔벗이에요.  잘 익은 토마토를 갈아서 얼려두면 사각사각 사르르~ 집에서만 맛볼 수 있는 완소 셔벗이 된답니다.      토마토  냄비에  재료를 넣고 설탕이 녹을 때까지 약한 불에서 끓여 시럽을 만들고,  토마토 꼭지를 뗀 후 아랫부분에 십자로 칼집을 내고 끓는 물에 10초 정도 굴려가며 데친 후  바로 찬물에 담가 껍질을 벗기고,  토마토를 적당히 썰어 시럽과 함께 믹서에 갈고,  체에 걸러 냉동실에서 2시간 정도 얼린 후 숟가락으로 3번 정도 반복해 긁고,  토마토셔벗을 밀폐용기에 담고 냉동실에 보관해 마무리."
1,"특유의 구수하고 달큼한 맛으로 아이뿐 아니라 어른들 입맛까지 사로잡는 노란 단호박빙수예요. 다이어트와 부기 제거에도 효과적이라 여름 간식으로 딱이죠. 단호박으로 빙수 한 그릇에도 건강을 담아보세요.    얼음  단호박은 씨를 제거하고 껍질을 벗긴 후 작게 썰어 전자레인지에  5분 정도 돌려 익히고,  익힌 단호박을 주걱으로 으깬 후 나머지  재료를 섞고,  인절미는 적당한 크기로 썰고, 대추는 씨를 제거한 뒤 채 썰고,  얼음을 갈아 그릇에 담고,  단호박소스를 뿌린 뒤 빙수용 단팥, 대추, 인절미를 올려 마무리."
1,"귀엽게 생긴 포켓샌드위치에 맛있는 카레당면이 가득 담겨 있어요.    맛도 좋고 속이 알차 한 개만 먹어도 든든해요.    워터파크에선 밥 먹는 시간마저 알차고 알뜰하게 보내세요.       부추를 두른 팬에  양파를 볶다가 당면과 부추,  양념장을 넣어 볶고,   굽지 않은 쪽에 볶은 재료를 얹고  다른 식빵을 올려 밥그릇으로 꾹 누른 뒤  가장자리를 정리해 마무리."
1,"밥을 배합초로 양념하면 장거리 여행 도시락으로 딱이에요.  물 속에서 신나게 공놀이하다 배고파지면 이젠 초밥볼 타임!     슬라이스 햄를 넣어 버무리고, 는 설탕과 소금이 녹을 정도로 저어 섞은 뒤 뜨거운 밥에 넣어 골고루 섞고,  밥을 2숟가락 정도 떠  오목하게 뭉친 뒤 참치를 넣고 오므려  동그랗게 빚고,  랩을 손바닥 크기로 자른 뒤 오이와 햄, 밥 순서로 올리고  단단하게 감싸 모양을 고정해   마무리."
1,"노느라 정신없는 아이 손에 쥐어주세요.   깔끔하게 포장되어 있어 튜브 위에서도 여유롭게 먹을 수 있어요.       우유식빵에는  땅콩버터를 펴 바르고,   땅콩버터를 바른 식빵 위에  과일잼을 바른 식빵을  올리고 스트링치즈를 얹어  돌돌 만 뒤 랩으로 단단하게  감싸 10분 정도 두고,   먹기 좋게 유산지로 포장하거나  한입 크기로 썰어 마무리."
1,"밥에 뜨끈한 녹차를 부으면 끝나는 일본 대표 가정식.   명란젓 대신 다양한 재료를 얹을 수 있답니다.   숙취 심한 날, 짬뽕이나 라면 대신 오차즈케를 드셔보세요.      물   물을 끓여 80℃ 정도로 식혀  녹차 티백을 넣어 우리고,   쪽파는 송송 썰고,   구운 김은 가늘게 자르고,   명란젓은 반으로 갈라  속 알만 발라내고,   밥에 녹차를 붓고 구운 김, 명란젓,   후리가케, 쪽파를 얹어 마무리."
1,"‘메밀소바’하면 진한 국물에 찍어 먹는 것만 생각하셨나요? 슴슴하게 만든 국물을 면에 부어 시원하게 국물까지 다 비우는 냉메밀소바예요. 집에서 직접 만든 쯔유만 있다면 냉수에 타서 쉽게 만들 수 있답니다.     오이를 넣고 가쓰오부시가 가라앉으면 설탕, 청주, 맛술, 간장을 넣어  20분 정도 끓이고,  체에 걸러 식혀 마무리."
1,"고소하고 시원한 맛에 여름이면 꼭 생각나는 특선 메뉴 냉콩국수. 집에서 만들려면 콩 불리랴, 삶으랴, 껍질 벗기랴 너무 번거롭죠. 그럴 땐 우유와 생식용 두부에 약간의 견과류만 넣어 휘리릭 갈아보세요. 냉콩국수가 순식간에 완성돼요.      우유을  넣어 곱게 갈고,   얼린 우유를 넣고 갈아  콩국물을 만들고,   끓는 물에 중면을 넣고 삶아  찬물에 여러 번 비벼 헹궈  물기를 빼고,   그릇에 중면을 담고 콩국물을  부은 뒤 토마토와 오이를 곁들여  마무리."
1,"여름에 빠지지 않는 것이 바로 비빔국수죠. 얼갈이김치에 매콤한 양념을 넣어 골고루 비벼 만들었는데요. 열무김치를 함께 넣어 먹어도 맛있답니다. 면 대신 밥에 넣어 얼갈이비빔밥으로 즐겨도 좋아요.      중면   얼갈이김치는 한입 크기로 자르고, 을 만들고,   냄비에 달걀을 넣고 달걀이 잠길  정도의 찬물을 부어 끓기 시작하면  13분간 삶고,   오이는 채 썰고,  삶은 달걀은 껍질을 벗겨  2등분하고,   냄비에 넉넉한 양의 물을 부어  면을 삶은 뒤 찬물에 비벼가며  씻어 물기를 빼고,   얼갈이김치에 양념장을 넣어 무친 뒤  삶은 면을 넣어 고루 버무리고 채 썬  오이와 삶은 달걀을 올려 마무리."
1,"살얼음 낀 닭육수에 쫄깃한 닭가슴살, 아삭한 오이절임을 함께 먹는 초계탕이에요. 코가 찡하도록 겨자를 풀어 먹어야 제 맛이죠. 건더기를 다 건져 먹고 난 후 국수사리를 말아 먹어도 별미예요.      닭가슴살와 섞어 살얼음이  끼도록 냉동실에 넣고,   오이는 반 갈라 얇게 어슷 썰어에 20분 정도 절여  물기를 꼭 짜고,   닭가슴살은 손으로 찢고,   적채는 채 썰고,   닭가슴살과 오이, 적채를  담고 준비한 국물을 부어 마무리."
1,"몸보신 음식을 챙겨 먹어야 여름을 잘 이겨낼 수 있다는 조상들의 지혜를 살려 큼지막한 토종닭 한 마리를 푹 고았어요. 영계와는 다르게 씹는 재미가 있는 쫄깃한 살과 진한 국물로 온 가족의 원기를 충전시켜주세요.      찹쌀   찹쌀은 소금을 약간 넣어  30분 이상 불려 물기를 빼고,   토종닭은 뱃속까지 깨끗이 씻고,   인삼은 다듬고, 대추는 사이사이  먼지를 제거하고, 밤은 껍질을  벗기고, 마늘은 꼭지를 떼고,   토종닭 뱃속에 불린 찹쌀, 밤,  대추, 인삼, 통마늘을 넣고,   닭의 배를 보고 한쪽 다리 아랫  부분에 칼집을 넣어 반대쪽  다리를 X자로 끼워 넣고,   냄비에 닭과 를 넣어  닭이 충분히 잠길 정도의 물을  붓고 센불에서 끓으면 중약불로  줄여 1시간 이상 끓인 뒤 소금,  후춧가루를 곁들여 마무리."
1,"차가운 성질의 오리고기는 열을 내리는 원기를 보강해주는 여름철 대표 보양식이에요. 매콤 달콤한 고추장양념에 버무리면 오리고기에 익숙지 않은 사람들도 맛있게 즐길 수 있죠. 집에서 만든 오리주물럭으로 푹푹 찌는 무더위를 이겨보세요.      오리고기을 두르고  양념한 고기와 채소를 넣어  센불로 볶고,   깻잎을 넣고 불을 끈 뒤  잘 섞어 마무리."
1,전복으로 죽만 끓여 드셨다면 이번엔 밥을 한번 지어보세요. 내장도 버리지 말고 다져서 참기름에 달달 볶아 밥을 지으면 고소한 냄새만으로도 침이 고인답니다.전복을 넣어 폼나지만 만들기도 맛내기도 쉬운 고마운 별미밥이에요.      쌀
1,"한여름부터 늦가을까지가 제철인 갈치는 뭐니 뭐니 해도 조림이 최고죠.    너무 큰 것보다는 중간 크기가 가장 맛있다고 하네요.     갈치뿐 아니라 이맘때 별미인 고구마까지, 지금 먹어야 할 식재료들을 한 그릇에 담았어요.    여름부터 가을까지 쭉 맛있는 재료들이니 얼큰하게 즐겨보자고요.       무을 붓고  국물용 멸치를 넣어 중약 불로  5분 정도 끓이다가  무를 넣어 5분간 더 끓이고,   멸치는 건져낸 뒤 양념장을 풀고  갈치와 고구마를 넣어 중간 불에서  끓어오르면 중약 불로 줄여 조리고,   무에 양념이 배고 고구마와 갈치가  거의 다 익으면 대파와 고추를 넣고  한 번 더 끓여 마무리."
1,"열무로는 김치만 담가 먹는다는 분들,  이 열무된장국 한번 맛보면 왜 여태 몰랐을까 하는 생각이 절로 들걸요?  구수한 된장국과 열무가 푹 익으면서 내는 특유의 식감이 어우러져 반할 만한 맛의 조화를 이루죠.     열무를 붓고 끓으면 데친 열무를 넣어 끓이고,  열무가 푹 익으면 대파, 붉은고추를 넣고 한 번 더 끓여 마무리."
1,"들어 있는 재료는 별거 없어도 쫄깃쫄깃 맛있는 할머니표 부침개.   쉬워 보이지만 집에서 따라 만들면 맛내기가 은근히 어렵죠.   비결은 바로 반죽에 있는데, 반죽을 많이 저어야 더 쫄깃하고 식어도 맛있답니다.       부추를 넣어 하고,   부추는 적당한 길이로 썰고,  양파와 당근은 채 썰고,   반죽에 부추, 당근,  양파를 넣어 섞고, 을 만들고,   달군 팬에 식용유를 넉넉히 두르고  반죽을 얇고 넓게 펼쳐 노릇하게  부친 뒤 초간장을 곁들여 마무리."
1,"팬에 살짝 구워 소금만 찍어 먹어도 맛있는 게 쇠고기지만, 정성을 더하면 훨씬 근사한 일품요리로 업그레이드할 수 있어요.    생채와 배를 곁들이고 소스를 더 하니 메인 요리로 손색없는 한 접시가 완성됐어요.    얇게 썬 배와 쇠고기를 겹쳐서 돌려 담는 요리 선생님의 스타일링 포인트로 놓치지 마세요.       영양부추를 둘러  차돌박이를 굽고,   부추, 사과, 양파를에 버무리고,   접시에 차돌박이와 배를 겹쳐  돌려 담고 와 생채를  곁들여 마무리."
1,"많은 분들이 좋아하시는 일본식 볶음면요리 야키우동. 오동통한 우동면을 각종 채소와 함께 짭짤하게 볶은 음식인데요. 우동면 대신 찬장 구석을 차지한 파스타면으로 만들어봤어요.       스파게티면를 두르고  마늘, 베이컨을 볶다가  마른고추를 넣어 볶고,   양배추를 넣고 볶아 숨이 죽기  시작하면 소스를 넣어 볶고,   삶은 스파게티면을 넣고  살짝 볶아 마무리."
1,"부들부들한 호박잎에 짭조름한 해물 싸서 드셔보셨나요?   누구나 한 번 먹어보면 그 맛에서 헤어나오지 못하는    매력 만점의 해물된장자글자글이랍니다.       양파을 붓고 끓기  시작하면 새우와 조갯살을  넣어 끓이고,   양파, 붉은고추, 청양고추,  대파를 넣고 한 번 더 끓여  마무리.   호박잎은 껍질을 벗기고,   김이 오른 찜기에 호박잎을  넣어 30초 정도 찌고,   찐 호박잎을 꺼내 식혀  마무리."
1,"데친 양배추의 달큰함과 담백한 고기 속이 어우러진 일품요리! 육수를 자작하게 부어 익히니 입에서 살살 녹을 만큼 부드러워요. 고소한 땅콩소스를 곁들이면 다른 안주가 필요 없네요.       다진 돼지고기를 섞어 치대고,   양배추에 고기 속을 넣어 돌돌 말고,   양배추롤에 다시마물을 붓고  중약 불로 15분 정도 익힌 뒤를 곁들여 마무리."
1,"돼지고기 두툼하게 썰어 입맛대로 조물조물 양념해 구워보세요.    속까지 골고루 양념이 배어 쌈과 잘 어울리는 양념구이예요.    매력적인 우리 집 주말 별미 쌈이랍니다.       돼지고기 목살 을 만들고,   돼지고기는 골고루 잔칼집을 넣고,   돼지고기에 양념장을  각각 넣어 골고루 버무리고,   달군 팬에 양념한 돼지고기를  노릇하게 구워 마무리."
1,"데친 양배추의 달큰함과 담백한 고기 속이 어우러진 일품요리! 육수를 자작하게 부어 익히니 입에서 살살 녹을 만큼 부드러워요. 고소한 땅콩소스를 곁들이면 다른 안주가 필요 없네요.       다진 돼지고기를 섞어 치대고,   양배추에 고기 속을 넣어 돌돌 말고,   양배추롤에 다시마물을 붓고  중약 불로 15분 정도 익힌 뒤를 곁들여 마무리."
1,"쫄깃쫄깃 몰캉몰캉한 꼬막에 아삭한 양배추와 양파를 넣어 달콤한 양념에 무쳐냈어요. 골뱅이보다 더 쫄깃하고 맛이 풍부한 꼬막을 삶아 살만 발라냈더니 먹기도 편하네요. 은은한 깻잎 향에 입도 개운해진답니다.       꼬막에 담가  빛이 들어오지 않도록 2시간 정도  해감한 뒤 비벼가며 깨끗이 헹구고,   냄비에 물을 넉넉히 넣고 기포가  올라오기 시작하면 꼬막을 넣어  한 방향으로 저어가며 익히다가  껍질이 벌어지기 시작하면 불을 끄고,   체에 건져 한 김 식힌 뒤 살만  발라내고,   양배추와 양파, 깻잎은 채 썰고,은 섞고,   볼에 꼬막살과 양념장을 넣고  버무린 뒤 채소를 넣어 한 번 더  버무려 마무리."
1,"토마토에 많은 베타카로틴 성분은 우리 몸에 들어오면  지용성 비타민A로 바뀌기 때문에 기름과 함께 조리해 먹는 것이 좋아요. 토마토와 버섯을 금세 볶아 만든 초간단 반찬을 소개합니다.       새송이버섯을 중약 불로 볶아  향을 낸 뒤 버섯을 넣어 볶고,   버섯의 숨이 죽기 시작하면  토마토를 넣어 뒤적인 뒤  나머지 을 넣고  쪽파를 뿌려 마무리."
1,"칼로리가 낮아 다이어트에 좋은 토마토. 살짝 익힌 방울토마토의 껍질을 제거해 부드럽게 즐길 수 있는 샐러드예요. 새콤한 식초드레싱에 버무려 차게 해서 먹으면 여름철 샐러드로 제격이죠.       방울토마토로 칼집을 내  끓는 물에 데친 뒤  찬물에 헹궈 껍질을 벗기고,   파인애플은 작게 썰고,   볼에 모든 재료를 담고  살살 버무려 마무리."
1,"튀일은 견과류가 울퉁불퉁하게 박힌 기와장 모양의 프랑스 과자예요. 프라이팬에 반죽을 최대한 얇게 펴서 굽는 게 포인트죠. 부드럽게 씹히는 이밥차식 튀일, 오븐 없이도 맛있게 만들어요.       달걀흰자를 두르고  키친타월로 닦은 뒤 약한 불로 줄여  반죽을 지름 6cm 크기로 얇게 펴 올리고  가장자리가 진한 갈색이 되면  뒤집어서 3~4분간 더 익히고,   밀대에 말아 1~2분간 두어  기와장 모양이 되면   완전히 식혀 마무리."
1,"떡도 아니고 빵도 아닌 것이 고소하고 쫄깃해 중독성 있는 팬케이크예요. 달콤하게 조린 밤이나 마른과일을 넣으면 더 맛있어요.       찹쌀가루를  두르고 키친타월로 닦아낸 뒤  반죽을 올려 얇게 펴고,   뚜껑을 닫고 약한 불에서 앞뒤로  노릇하게 익히고 먹기 좋은 크기로  썰어 마무리."
1,"더위로 입맛이 없을 땐 보리밥에 열무김치와 고추장을 넣고 쓱쓱 비벼보세요. 통통한 보리밥알과 시원한 열무김치가 잘 어울린답니다. 양푼에 넣고 비벼 여럿이 함께 먹으면 즐거움이 두 배가 되죠.       열무김치를 넣고 섞은 뒤 열무와 양파, 쪽파를 넣고 살살 버무려 마무리."
1,"얇고 부드러운 크레이프에 달콤한 바나나와 초코칩을 넣으니 근사한 크레이프가 뚝딱 완성됐어요. 생크림과 과일을 듬뿍 넣어 나만의 크레이프를 만들어보세요.       바나나를  두르고 키친타월로 닦아 코팅한 뒤  반죽을 올려 얇게 펴 부치고,   노릇하게 부친 크레이프를  한김 식힌 뒤 휘핑한 생크림과  바나나, 초코칩, 슬라이스 아몬드를  넣고 접어서 마무리."
1,여름철이면 더욱 생각나는 시원한 오징어물회.신선한 오징어를 곱게 채 썰어 채소와 함께 담고 얼음을 동동 띄워 드셔보세요.입 안은 물론 속까지 시원해질 거예요.       다시마에 을 섞고   그릇에 채소를 돌려 담고  오징어를 얹은 뒤 국물을 붓고  무순을 얹어 마무리.
1,"언제나 볶음밥, 달걀, 케첩으로 완성되는 홈메이드 오므라이스가 조금 지겨운가요? 밥에 넣는 재료와 양념만 약간 바꿔도 멋지게 변신해요. 매콤한 맛을 더하니 어른들 입맛에도 잘 맞는답니다. 냉장고 속 다양한 채소를 다져 넣거나, 샐러드를 곁들여 근사하게 즐겨보세요.       가지를 두르고  달걀물을 넓게 부어 익히고,   반 이상 익으면 중앙에 밥을 얹고  양쪽 가장자리의 달걀을 접어  모양을 만들고 그릇에 뒤집어  담아 마무리."
1,"날이 더워질수록 뜨거운 국물은 만들기도 먹기도 귀찮죠. 하지만 국물이 없으면 밥이 안 넘어가는 천상 한국인이라면 간단한 냉국으로 입맛을 돋워보세요. 가지는 혈중 콜레스테롤을 낮추는 효과도 있어 건강에 좋답니다.       가지에 을  섞고 가지 무침과 쪽파,  통깨, 얼음을 넣어 마무리."
1,"입맛 살려주는 새콤달콤한 양념장에 향긋한 미나리와 쫄깃한 버섯을 조물조물 무쳐냈어요.    밑반찬으로 집어 먹어도 좋지만 따뜻한 밥에 얹어 쓱쓱 비벼 먹어야 제대로! 구수한 된장국을 곁들여 먹으면 더욱 좋아요.      미나리을 넣은 뒤  표고버섯, 애느타리버섯을  각각 넣고 살짝 데쳐 건진 뒤  찬물에 헹궈 물기를 짜고, 을 만들고,   볼에 양념장과 버섯을 넣어  버무린 뒤 미나리를 넣고  가볍게 버무리고,   그릇에 밥을 담은 뒤  미나리버섯무침을 올리고  볶은 참깨를 뿌려 마무리."
1,"된장으로 돼지고기 누린내를 잡고 미트소스와 구운 가지를 겹겹이 쌓아 모차렐라치즈로 마무리했어요. 숟가락으로 푹푹 퍼 먹으면 몽글몽글 씹히는 돼지고기와 말랑말랑한 가지, 쭈욱 늘어나는 고소한 치즈가 입에서 살살 녹네요. 노릇노릇하게 구워진 모양이 손님상에도 잘 어울려요.       다진 돼지고기를 섞고,   오븐용기에 가지와 돼지고기볶음을  층층이 쌓아 담은 뒤 치즈를 뿌려  200℃로 예열한 오븐에서 10분 정도  구워 마무리."
1,"풍성하게 채운 접시만 봐도 배가 부른 영국식 아침식사예요.   종류가 많아서 어려울 것 같지만 사실 굽고 데우고 담으면 끝!   잉글리시 브렉퍼스트로 영국에 온 기분을 느껴보세요.       토마토를 두르고  달걀을 프라이한 뒤 칼집 넣은  소시지와 베이컨을 노릇하게  구워 건지고,   키친타월로 팬을 닦아  통조림 콩을 살짝 데우고, 통조림 콩은 토마토소스에 콩을 넣고 삶은 것으로 대형마트에서 구입할 수 있어요.   토마토와 어린잎채소를  드레싱에 버무리고  모든 재료를 접시에  고루 담아 마무리. 취향에 따라 토스트한 빵에 버터를 곁들여도 좋아요."
1,"청양고추를 넣어 칼칼하게 입맛 당기는 닭갈비를 만들어봤어요.   깻잎을 듬뿍 넣어 향을 내고 당면사리까지 넣으니 전문점 부럽지 않아요.   밥에 얹어 한그릇 요리로 즐겨보세요.       양파를  두르고 닭가슴살과 양파를  볶아 고기가 어느 정도  익으면 당면을 넣어 볶고, 고구마를 작게 썰어 넣어도 달콤하고 맛있어요.   당면에 간이 배면 깻잎을  넣고 뒤적인 뒤 불을 끄고   밥에 얹어 마무리."
1,비교적 저렴한 돼지등뼈에 맛있는 햇감자를 넉넉히 넣어 푸짐한 저녁식사를 준비해보세요.   불린 백태를 갈아서 국물에 넣었더니 영양도 듬뿍이에요.      백태를 넣고  5분 정도 더 끓여 마무리. 깻잎은 굵게 채 썰어 넣어요.
1,"한입에 쏙 들어가는 알감자를 매콤 달콤한 고추장양념에 버무렸어요.    껍질째 조리해 씹는 맛이 좋고 도시락 반찬으로도 그만이에요.    이번 주 우리집 밑반찬으로 어때요?      알감자를 두르고  알감자를 넣어 센불에서  껍질이 쭈글쭈글해질 때까지 볶고,   중약 불로 줄여 양념장을 넣고  고루 섞은 뒤 불을 끄고 호두를 섞고  통깨를 뿌려 마무리"
1,"밀가루 반죽으로 도우 만들기가 부담스러웠다면 햇감자를 이용해보세요.    가늘게 채 썬 감자와 양파, 피망을 볶아 동그란 모양으로 만든 뒤    치즈와 토핑을 얹으면 금세 맛있는 감자채피자가 완성돼요.    달걀 프라이까지 하나 올렸더니 한 끼 식사로도 든든하네요.      감자, 소금, 후춧가루를 넣고  한번 더 볶아 마무리."
1,"동의보감에 따르면 장어는 오장육부를 보하는 기특한 식품으로 허약한 체질에 매우 좋다고 해요.맛있게 양념한 장어와 소화를 돕는 생강까지 곁들여 보양 음식으로는 그만이죠.      손질된 장어   장어는 2~3등분하여 에  재워 두고,   키친타월로 장어의 물기를  닦아낸 뒤 식용유 두른 팬에  살짝 굽고,   구운 장어를 김 오른 찜통에  넣어 15~20분 정도 찌고,   김은 길게 자르고,  생강은 곱게 채 썰어  찬물에 헹구고,  쪽파는 송송 썰고,   팬에  재료를 넣고  끓으면 약한 불로 줄여  반으로 줄어들도록 졸이고,   달군 팬에 찐 장어를 넣고  중불에 양념장을 발라 가며  구워 한입 크기로 썰고 그릇에  밥과 장어, 김, 생강, 쪽파와 함께  담아 마무리."
1,"장어는 가격도 부담스럽고 익숙하지 않아 집에서 자주 요리하는 재료는 아니죠. 구이 대신 몸보신도 되고 맛까지 특별한 깐풍기로 만들어보세요. 장어 좋아하던 사람은 더 맛있게 먹고, 안 먹던 사람도 자꾸 손이 가네요.    손질한 장어를 두르고 마늘, 생강으로 향을 낸 뒤 붉은고추와 파를 넣고 볶다가을 넣어 끓이고,  장어를 넣어 물기가 없어질 때까지 볶고 풋고추와 참기름을 넣고 버무려 마무리."
1,"요즘 나온 햇양파는 아삭아삭 달큰한 맛이 일품이에요. 이 양파장아찌 한 번 담가 두면 한동안은 반찬 걱정 없어요. 양파장아찌 담가 두었던 간장은 고기, 샐러드채소 등에 두루두루 활용하세요.    햇양파  햇양파는 껍질을 까 십자로 썰고, 을 끓이고,  끓는 절임물을 양파에 붓고,  한 김 식혀 뚜껑 닫아 반나절 실온에 두었다가 3일 정도 냉장 보관 후 드세요."
1,"도토리묵무침에서 재료 하나만 살짝 바꾸니 훌륭한 두부 반찬이 탄생했어요.묵보다 더 배부르고 부드러워 자꾸만 먹고 싶어요.  깻잎이나 치커리, 쑥 등의 알싸하고 매운 향이 있는 잎채소를 더하면 담백한 두부와 잘 어울려요.     두부 은 섞고,  두부는 끓는 물에 데친 뒤 식혀 한입 크기로 썰고,  상추는 먹기 좋은 크기로 썰고, 오이는 얇게 썰고, 양파는 채 썰고,  채소와 양념장을 버무린 뒤 두부를 넣고 살살 섞어 마무리."
1,"영양 많고 고소한 콩가루를 부추에 묻혀 찜통에 살짝 쪄내면 부추가 거짓말처럼 부드러워져요. 양념장에 가볍게 버무리면 간단한 웰빙 반찬 완성!      부추와  부추를 넣고 흔들어 부추에  콩가루옷을 입히고,   김 오른 찜통에 젖은 면포를  깔고 중간 불에 부추를  5분간 찌고,   한 김 식으면 양념장에  버무려 마무리."
2,"칼로리 부담 없이 다이어트에 안성맞춤이에요.상큼한 토마토와 마늘종의 매콤한 맛이 잘 어울려요.    방울토마토로 칼집을 내 크림치즈를 채워 넣고,  마늘종은 10cm 길이로 준비하고,  방울토마토 끝에 마늘종을 꽂고, 을 만들고,  그릇에 담아 바질 잎으로 장식하고 발사믹드레싱을 곁들여 마무리."
2,"매일 먹던 밑반찬도 재료를 바꾸거나 양념을 다르게 하면 색다른 메뉴가 탄생한답니다. 한번 먹어보면 그 맛에 반해 평범한 참외가 심심하게 느껴질 정도예요. 달콤하고 아삭하면서 매콤한 양념 덕분에 비빔밥이나 쌈으로 먹어도 좋고 국수에 올려도 맛있어요.    참외  참외는 길게 반 갈라 속씨를 긁어낸 뒤 얇게 썰고,  쪽파는 송송 썰고,  참외를 에 무친 뒤 쪽파를 넣고 살짝 버무려 마무리."
2,"부드러운 쿠키반죽을 2가지 색으로 멋을 낸 바닐라 초코쿠키.    모양과 맛 모두 멋스러워 만드는 보람과 함께 받는 사람에게 즐거움과 감동을 줄 수 있는 쿠키입니다.    쿠키 위에 올라가는 아몬드는 부드러운 쿠키와 함께 고소하면서 씹는 식감을 더해줍니다.       버터와 달걀은 실온 상태가 되도록 냉장고에서 꺼내 30분 이상 둔다.     쿠키팬에 유산지를 깐다.     오븐은 180℃로 10분간 미리 예열한다.   볼에 실온상태의 버터를 넣고 핸드믹서의 거품기로 가장 약한 단계에서 부드러운 상태가 되도록 30초간 풀어준다.   슈가파우더, 바닐라설탕, 소금을 섞어 두 세번에 나누어 넣으며 버터와 충분히 섞이도록 핸드믹서 거품기로 가장 약한 단계에서 1분간 휘핑한다.   달걀 노른자를 넣고 핸드믹서 거품기로 가장 약한 단계에서 1분간 휘핑해 고운 크림 상태로 만든다.   볼에 반죽을 ½씩 나누어 담고 한 쪽 볼에 박력분 100g, 다른 볼에는 박력분 80g과 코코아가루 20g을 체에 내려 넣는다.   가루가 살짝 보일 정도로 실리콘 주걱으로 가볍게 섞는다.   반죽을 각각 비닐봉투에 담고 손으로 눌러가며 하나의 반죽 덩어리로 뭉친 다음 냉장고에 30분 정도 휴지시킨다.   바닐라반죽과 초코 반죽 모두 두께 0.5cm가 되도록 밀대로 얇게 민다.   각각의 반죽을 가로*세로 6*20cm 의 직사각형으로 잘라서 준비한다.   기본반죽 위에 붓을 이용해 흰자를 바르고 초코 반죽을 올려 놓는다.    반죽 위에 붓을 이용해 흰자를 바른 뒤 아몬드분태를 충분히 올린다. 반죽을 냉장고에 넣어 1시간 이상 휴지시킨다.   냉장고에서 휴지시킨 반죽을 꺼내 0.5cm 두께로 썬다.   유산지를 깐 쿠키팬에 서로 붙지 않도록 일정한 간격을 두어 올리고 180℃로 예열한 오븐에 12~15분간 굽는다."
2,"마들렌은 레몬향을 곁들여서 만들어 먹는 경우가 많죠.    오늘은 유자향이 물씬나는 부드러운 마들렌을 소개합니다.    촉촉한 마들렌은 겨울철 선물용으로도 좋은 아이템입니다.       달걀은 실온에서 30분이상 둔다.     버터는 전자레인지에 30초 녹인다.     오븐은 170℃로 10분간 예열한다.   볼에 실온 상태의 달걀을 넣고 손거품기로 10초간 가볍게 풀어준다.   설탕과 소금, 바닐라설탕을 넣고 손거품기로 가볍게 섞는다.   유자청을 넣고 손거품기로 가볍게 섞는다.   박력분과 아몬드가루, 베이킹파우더를 체에 내려 넣고 손거품기로 가볍게 섞는다.   녹인버터를 넣고 손거품기로 가볍게 섞는다.   랩을 씌워 냉장고에서 하루 정도 휴지시킨다.   마들렌 틀에 철판이형제를 바른다.   의 반죽을 짤주머니에 담아 마들렌 틀에 80% 정도 담은 후, 170℃로 예열한 오븐에 넣어 12분간 굽는다."
2,"겨울은 유자의 향긋한 향이 생각나는 계절입니다.    오늘 만드는 쿠키에는 유자청을 이용해 유자향을 더해 누구나 맛있게 먹을 수 있는 쿠키를 만들었습니다.       버터와 달걀은 실온 상태가 되도록 냉장고에서 꺼내 30분 이상 둔다.     호두는 먹기 좋은 크기로 다져서 준비한다.     쿠키팬에 유산지를 깐다.     오븐은 180℃로 10분간 미리 예열한다.   볼에 실온상태의 버터를 넣고 핸드믹서의 거품기로 가장 약한 단계에서 부드러운 상태가 되도록 30초간 풀어준다.   유자청과 꿀, 바닐라설탕을 넣고 버터와 충분히 섞이도록 핸드믹서 거품기로 가장 약한 단계에서 1분간 휘핑한다.   달걀 노른자를 넣고 핸드믹서 거품기로 가장 약한 단계에서 1분간 휘핑해 고운 크림 상태로 만든다.   박력분과 베이킹파우더를 체에 내려 넣고 실리콘 주걱으로 가볍게 섞는다.   다진 호두를 넣은 뒤 실리콘 주걱으로 가볍게 섞는다.   반죽을 숟가락으로 떠서 유산지를 깐 쿠키팬에 모양을 내어 올린다. 180℃로 예열한 오븐에 12~15분간 굽는다."
2,"장미를 닮은 쿠키를 2가지 색으로 멋을 냈습니다.    슈가파우더가 들어가 부드럽고, 딸기파우더의 달콤한 딸기 향이 묻어있는 쿠키입니다.    가나슈가 샌딩되어 있어 달콤함을 두배로 즐기실 수 있습니다.    마음을 담은 쿠키선물이 필요할 때 투톤로즈쿠키를 만들어보세요.       버터와 달걀 흰자는 실온 상태가 되도록 냉장고에서 꺼내 30분 이상 둔다.     쿠키팬에 유산지를 깐다.     오븐은 180℃로 10분간 미리 예열한다.   볼에 실온상태의 버터를 넣고 핸드믹서의 거품기로 가장 약한 단계에서 부드러운 상태가 되도록 30초간 풀어준다.   슈가파우더, 바닐라설탕, 소금을 섞어 두 세번에 나누어 넣으며 버터와 충분히 섞이도록 핸드믹서 거품기로 가장 약한 단계에서 1분간 휘핑한다.   달걀 흰자를 넣고 핸드믹서 거품기로 가장 약한 단계에서 1분간 휘핑해 고운 크림 상태로 만든다.   박력분을 체쳐 넣고, 실리콘 주걱으로 가볍게 섞는다.   다른 볼에 반죽을 ½ 나누어 담고 한 쪽 볼에 딸기파우더를 체쳐 내린 뒤 실리콘 주걱으로 가볍게 섞는다.   장미모양 깍지를 끼운 짤주머니에 흰 반죽과 딸기 반죽을 각각 담는다.    유산지를 깐 쿠키팬에 모양내어 짠 후, 미리 예열한 180℃오븐에 12분간 굽는다.   냄비에 생크림을 넣어 중불에 올리고 냄비 가장자리가 끓어오르면 불에서 내린다.   다크커버처 초콜릿을 넣고 녹을 때 까지 실리콘 주걱으로 섞는다. 완성된 초코크림은 실온에서 식힌다.   완성된 의 가나슈크림을 바르고 쿠키를 마주 붙여 완성한다."
2,"시나몬 가루는 차가워진 날씨와 어울리는 베이킹 재료 중 하나입니다.     쌀쌀해진 날씨에 따뜻한 커피한잔과 함께 달콤하면서도 은은향 향을 즐길 수 있는 시나몬롤 쿠키.    모양도 독특해 선물하기에도 좋은 아이템입니다.       버터와 플레인요구르트는 실온 상태가 되도록 냉장고에서 꺼내 30분 이상 둔다.     쿠키팬에 유산지를 깐다.     오븐은 180℃로 10분간 미리 예열한다.   볼에 실온상태의 버터를 넣고 핸드믹서의 거품기로 가장 약한 단계에서 부드러운 상태가 될 때까지 풀어준다.   설탕과 바닐라설탕, 소금을 섞어 조금씩 넣으며 핸드믹서의 거품기로 가장 약한 단계에서 30초간 휘핑한다.   실온상태의 플레인요구르트를 넣고 핸드믹서의 거품기로 휘핑해 고운 크림상태로 만든다.   박력분과 베이킹파우더를 체에 내려 넣고 실리콘 주걱으로 가볍게 섞는다.   뭉친 반죽은 냉장고에 넣어 30분간 휴지시킨다.   휴지한 반죽을 두께 0.5cm가 되도록 밀대로 얇게 민다.   장식용 설탕과 시나몬가루를 섞어 반죽 위에 골고루 뿌려준다.   반죽을 안쪽에서부터 공간이 남지 않도록 촘촘하게 말아준다. 반죽을 비닐에 싼 채로 냉장고에 넣어 1시간 이상 휴지시킨다.   냉장고에서 휴지시킨 반죽을 꺼내 1cm 두께로 썬다.   유산지를 깐 쿠키팬에 서로 붙지 않도록 일정한 간격을 두어 올리고 180℃로 예열한 오븐에 12~15분간 굽는다."
2,"겨울의 추운 몸을 달래주는 유자차.   유자의 향긋함과 따뜻함을 조금은 다르게 즐기실 수 있는 방법을 알려드립니다.   그 방법 첫번째로 유자향이 가득한 롤케이크 입니다.   따뜻한 커피와 함께 유자의 달콤함이 묻어있는 부드러운 롤케이크를 즐겨보세요.       달걀은 흰자와 노른자를 분리한다.     롤케이크팬에 유산지를 깐다.     냄비에 시럽용 물, 설탕을 넣어 끓이고 차갑게 식힌 후 럼주를 넣어 시럽을 완성한다.     오븐은 180℃로 10분간 미리 예열한다.   볼에 달걀 흰자를 넣고 핸드믹서의 거품기로 가장 센 단계에서 20초간 휘핑하다가    거품이 풍성해지면 설탕과 바닐라설탕을 조금씩 넣으며 윤기가 나고 단단한 머랭이 될 때까지 휘핑한다.   의 유자생크림을 스페츌러로 시트 위에 얇게 펴 바른다.   시트를 안쪽에서부터 둥글려가며 살짝 말아준 다음 유산지에 싸서 냉장고에 넣어 30분간 차갑게 식혀준다."
2,"겨울을 알리는 향기로운 유자는 겨울철에 찾게 되는 제철 과일입니다.   비타민 C가 풍부한 유자는 보통 차로 많이 즐기시지만   오늘은 식사대용으로도 좋은 비스켓에 유자와 크랜베리를 더했습니다.   이번 주말은 만들기도 간단한 유자베리스콘을 만들어보세요.         쿠키팬에 유산지를 깐다.     오븐은 180℃로 10분간 미리 예열한다.   푸드프로세서에 강력분, 박력분, 베이킹파우더, 설탕, 바닐라설탕을 넣고 가볍게 갈아준다.   차가운 버터를 깍둑썰기하여 넣고 고슬고슬한 상태가 될 때까지 갈아준다.   푸드프로세서에 유자청을 넣고 고슬고슬한 상태 까지 반죽을 뭉쳐준다.   푸드프로세서에 크랜베리를 넣고 다시 한 번 가볍게 뭉쳐준다.   반죽을 비닐에 올리고 손으로 눌러가며 하나의 반죽으로 뭉친다. 뭉친 반죽은 냉장고에 넣어 30분간 휴지시킨다.   휴지한 반죽을 두께 2cm가 되도록 밀대로 밀어 핀 후, 지름 5cm 원형커터로 반죽을 찍어낸 다음 유산지를 깐 팬에 간격을 띄어 올린다."
2,"요즘 유명한 제과점 이곳 저곳에서 에클레어를 쉽게 접해보실 수 있습니다.    에클레어는 모양도 맛도 사랑스러운 과자죠.    빼빼로데이를 맞이해서 쉽게 만들 수 있는 에클레어를 소개합니다.    속에 커스터드 크림이나 초코크림을 채워서 드시면 더 맛있게 즐기실 수 있습니다.       버터와 반죽용 달걀은 실온에 30분 이상 둔다.     쿠키팬에 유산지를 깔아 둔다.     오븐은 200℃로 15분간 예열한다.   냄비에 물, 버터, 소금을 넣은 다음 중불에서 버터가 녹고 물이 끓어오를 때까지 끓인다.   불에서 내린 다음 2회 체에 내린 뒤 박력분을 다시 체에 내려 넣고, 반죽이 뭉치지 않도록 실리콘 주걱으로 가볍게 섞어 하나의 덩어리로 만든다.   냄비를 중불에 올리고 앞뒤로 반죽을 굴리며 1분간 열을 가한다. 반죽을 볼에 옮겨 담고 1~2분간 한김 식힌다.   반죽에 달걀을 1개씩 넣으며 잘 섞이도록 핸드믹서 반죽기로 가장 약한 단계에서 1분간 반죽한다.   깍지를 끼운 짤주머니에 반죽을 넣고, 유산지를 깐 쿠키팬에 간격을 띄어 길이 10~15cm 정도가 되도록 짠다.   반죽 표면에 스프레이로 물을 충분히 뿌린다. 달걀물을 바르고 포크로 무늬를 낸다.    200℃로 예열한 오븐에 20~25분간 굽고 식힘망에 얹어서 충분히 식힌다.   중탕한 초콜릿에 완성된 에클레어를 담가 ⅔부분을 코팅한다.   초콜릿이 굳기 전에 장식용 피스타치오, 헤즐넛, 딸기다이스로 장식한다."
2,"사랑과 우정을 나누는 빼빼로데이날 특별한 빼빼로를 만들어보세요.    귀여운 모양의 빼빼로를 만들어 아이들과 친구들에게 소중한 추억을 나눠주세요.     일회용 짤주머니에 가나슈크림을 담고 밀크쉘과 화이트쉘에 70% 정도 크림을 채운다.   빼빼로스틱을 꽂고 냉장고에서 10분간 굳힌다.   중탕으로 녹인 장식용 초콜릿에 이 굳으면 녹인 초코펜을 이용해 커버처 초콜릿을 붙여 귀를 만든다.   초코펜을 이용해 눈, 코, 입을 그려 완성한다."
2,"식감이 바삭한 그리시니는 가늘고 긴 연필모양의 이탈리아 빵입니다.    발효과정이 들어가기 때문에 빵에 속하지만 과자처럼 바삭하고 크래커와 같은 고소한 식감을 가지고 있는 빵이죠.    그리시니는 맛이 담백해서 그냥 먹어도 맛있고 수프나 메인 요리에 곁들여 먹어도 맛있게 즐길 수 있습니다.       쿠키팬에 유산지를 깔아 둔다.     오븐은 220℃로 15분간 예열한다.   볼에 강력분, 통밀가루를 체에 내린다. 소금, 드라이이스트, 35℃의 따뜻한 물을 넣은 다음 핸드믹서 반죽기의 가장 약한 단계에서 5분 정도 반죽한다.   재료가 하나로 섞이면 버터를 넣고 5분간 더 반죽한다.   반죽이 매끄러운 상태가 되면 반죽을 동그랗게 뭉쳐 볼에 담고 45℃의 따뜻한 물에 중탕한 다음, 랩을 씌워 1시간 정도 1차 발효 한다.   반죽이 2배로 부풀면 주먹으로 눌러 가스를 빼고 저울을 이용해 반죽을 20g씩 분할한다.   각각의 반죽을 둥글리기 한 다음 면보를 씌워 15분간 중간 발효한다.   반죽을 손바닥으로 굴려 가며 50cm 길이의 막대모양으로 늘인다.   따뜻한 곳에서 15~20분간 2차 발효 후 예열한 220℃ 오븐에 8분간 굽는다."
2,"가끔은 진한 초콜릿 디저트 한 입으로 기분이 좋아지는 경우가 있습니다.    묵직하게 입안을 채우는 초콜릿케이크를 만들어 보세요.    머리까지 찐한 달콤함을 채워주는 초콜릿케이크로 기분을 한층 업 시켜보세요.       버터, 달걀은 실온에서 30분이상 둔다.     정사각틀과 쿠키팬에 유산지를 깐다.     오븐은 180℃로 10분간 예열한다.   볼에 실온 상태의 버터를 넣고 핸드믹서의 거품기로 가장 약한 단계에서 부드러운 상태가 되도록 10초간 풀어준다.   흑설탕과 바닐라 설탕, 소금을 넣고 부드러운 상태가 되도록 핸드믹서의 거품기로 가장 약한 단계에서 2분간 휘핑한다.   달걀은 1개씩 넣으며 충분히 풀어지도록 1분씩 휘핑해 고운 크림 상태가 되도록 한다.   중탕하여 녹인 다크커버처 초콜릿을 넣고 부드러운 상태가 되도록 핸드믹서의 거품기로 가장 약한 단계에서 1분간 휘핑한다.   박력분과 베이킹파우더를 체에 내리고 실리콘 주걱으로 가볍게 섞어준다. 생크림을 넣고 실리콘 주걱으로 가볍게 섞어준다.   유산지를 깔아 둔 정사각틀에 반죽을 넣고 윗면을 평평하게 한 다음 180℃ 오븐에 25~30분간 굽는다.   완성된 케이크는 케이크틀에서 분리해 식힘망에 얹어 식힌다.   냄비에 생크림을 넣어 중불에 올리고 냄비 가장자리가 끓어오르면 불에서 내린다.    다크커버처 초콜릿을 넣고 녹을 때까지 실리콘 주걱으로 섞는다.    초콜릿이 완전히 녹으면 버터를 넣고 실리콘 주걱으로 섞으면서 녹인다.   완성된 초콜릿케이크 위에 의 가나슈, 초코칩, 피칸을 이용해 장식한다."
2,"빼빼로데이는 다양한 빼빼로를 만들어 선물하기에 분주하면서도 즐거운 시간들이죠.    기본에 충실하면서 맛도 충실한 넛트빼빼로를 만들어 다양한 빼빼로를 즐겨보세요.     다양한 만큼 받는 분들도 풍성한 빼빼로 데이를 즐기실 수 있을거예요     다크, 밀크, 화이트 코팅용 초콜릿을 중탕으로 녹인다.   11cm 빼빼로 스틱에 중탕으로 녹인 초콜릿을 묻힌다.   다크코팅용 초콜릿이 굳기 전에 아몬드분태를 묻힌다."
2,달콤한 초콜릿푸딩은 쪄서 먹는 부드러운 과자라고 볼 수 있습니다.    오늘 소개해 드릴 푸딩은 초콜릿이 들어가 있어 아이들이 좋아할 만한 간식거리 입니다.    캐러맬 소스와 함께 먹을 수 있어 더 특별한 디저트가 될 초콜릿 푸딩.    조금은 특별한 디저트를 만들어 달콤한 시간을 가져보세요.       다크커버처 초콜릿은 미리 중탕으로 녹여서 준비한다.     바닐라빈을 반으로 갈라 칼 끝으로 씨를 긁어 준비한다.     중탕용 직사각틀에 60~70℃의 따뜻한 물을 붓는다.     오븐은 100℃로 10분간 예열한다.   냄비에 물을 넣고 안쪽을 적신 다음 냄비에 설탕과 물을 넣고 중불에 올려 끓인다.    가장자리가 갈색으로 변하면 불을 끄고 잔열을 이용해 전체적으로 카라맬이 될 때까지 냄비를 돌려가며 캐러맬 소스를 완성한다.   볼에 달걀 1개와 달걀 노른자 1개를 넣고 손거품기로 잘 풀어 준다.   설탕과 바닐라설탕을 넣고 손거품기로 골고루 섞는다.   냄비에 우유와 생크림을 넣고 미리 준비한 바닐라빈 씨와 바닐라빈을 넣은 뒤 중불에 올린다. 냄비 가장자리가 끓어오르면 불에서 내린다.   다크커버처 초콜릿을 넣고 녹을 때까지 실리콘 주걱으로 섞는다.   을 붓는다.   중탕용 틀에 푸딩병을 담고 100℃로 예열한 오븐에 30분간 굽는다.
2,"오늘 소개해 드릴 쿠키는 화이트커버처 초콜릿이 들어가 달콤함과 쫄깃한 식감이 좋은 초코칩쿠키입니다.     호두나 피칸 같은 견과류가 있으시다면 오늘 레시피에 활용해 보시면 더 좋을 쿠키입니다.       달걀과 버터는 실온 상태가 되도록 냉장고에서 꺼내 30분 이상 둔다.     쿠키팬에 유산지를 깐다.     오븐은 180℃로 10분간 미리 예열한다.   볼에 실온상태의 버터를 넣고 핸드믹서의 거품기로 가장 약한 단계에서 부드러운 상태가 될 때까지 풀어준다.   흑설탕, 설탕, 바닐라설탕, 소금을 섞어 조금씩 넣으며 핸드믹서의 거품기로 가장 약한 단계에서 30초간 휘핑한다.   실온상태의 달걀 노른자를 넣고 핸드믹서의 거품기로 휘핑해 고운 크림상태로 만든다.   박력분과 베이킹파우더를 체에 내려 넣고 실리콘 주걱으로 가볍게 섞는다.   중탕하여 녹인 화이트커버처 초콜릿과 초코칩, 마카다미아를 넣고 실리콘 주걱으로 가볍게 섞는다.   반죽을 숟가락으로 떠서 유산지를 깐 쿠키팬에 모양을 내어 올린다.   윗면에 초코칩과 마카다미아를 장식으로 올려 180℃로 예열한 오븐에 12~15분간 굽는다."
2,"오늘 소개해 드릴 레시피는 가벼운 식감의 카스테라에 초콜릿이 마블되어 들어가 있는 특별한 카스테라입니다.    촉촉한 식감 속에서 달콤함을 느낄 수 있는 카스테라를 따뜻하게 만든 초코라떼와 함께 즐겨보세요.    부드러움을 배로 느끼실 수 있을 꺼예요.       달걀은 흰자와 노른자를 분리하여 흰자는 차갑게, 노른자는 실온상태로 보관한다.     박력분을 체에 내린다.     버터는 중탕으로 녹여 우유와 함께 따뜻하게 준비한다.     카스테라틀에 유산지를 깐다.     다크커버처 초콜릿은 미리 중탕으로 녹여 준비한다.     오븐은 170℃로 10분간 예열한다.   볼에 달걀 흰자를 넣고, 핸드믹서의 거품기로 가장 센 단계에서 거품을 낸다.    거품이 풍성해지면, 설탕과 바닐라설탕을 넣고 핸드믹서의 거품기로 가장 센 단계에서 단단한 머랭 상태가 될 때까지 휘핑한다.   에 달걀 노른자를 1개씩 넣으며 충분히 풀어지도록 핸드믹서의 거품기로 가장 센 단계에서 1분씩 휘핑해 고운 크림상태가 되도록 한다.   체에 내린 박력분을 다시 한 번 체에 내린 다음 실리콘 주걱으로 가볍게 섞는다.   마지막에 녹인 버터, 따뜻하게 데운 우유, 럼주를 넣고 실리콘 주걱으로 골고루 섞는다.   중탕으로 녹여 준비한 다크커버처 초콜릿을 넣고 가볍게 섞어 마블을 만든다.   유산지를 깐 카스테라틀에 반죽을 붓고 스크래퍼로 표면을 평평하게 정리한다. 180℃로 예열한 오븐에 35~40분간 굽는다.   냄비에 우유를 넣고 중불에 올린 뒤 설탕을 넣고 끓어오르기 시작하면 불에서 내린다.   잘게 다진 다크커버처 초콜릿을 넣고 실리콘 주걱으로 저어 녹여 초코라떼를 완성한다."
2,오븐 없이 쉽게 할로윈데이 파티를 장식할 수 있는 초콜릿팝입니다.    한입에 녹아내리는 팝을 만들어 할로윈데이 파티에 간단하면서도 멋진 간식을 만들어 보세요.      화이트커버처 초콜릿을 잘게 자른다.   냄비에 생크림을 넣고 가장자리가 살짝 끓어오를 때까지 가열한 다음 불을 끈다.   화이트커버처 초콜릿을 넣어 녹인다.   일회용 짤주머니에 화이트 가나슈를 넣어 실온 상태로 식힌다.   준비된 화이트 트러플 쉘에 이 완전히 굳기 전에 피스타치오를 붙여서 호박 꼭지를 만든다.   초코펜으로 얼굴을 그려서 장식한다.
2,"부드럽고 쫄깃한 식감의 식빵에 코코아맛을 더했습니다.    홈베이킹의 묘미는 따끈따끈한 식빵을 바로 맛볼 수 있다는 것 아닐까요?     갓 구워나온 따뜻한 코코아 식빵에 버터만 살짝 곁들여 먹어도    그 달콤함과 부드러운 매력에서 빠져나오기 힘드실 거예요.       버터는 실온 상태가 되도록 냉장고에서 꺼내 30분 이상 둔다.     강력분은 체에 내린다.     물과 우유는 35℃ 정도로 데워 놓는다.     식빵틀에 철판이형제를 바른다.     오븐은 190℃로 15분간 예열한다.   큰 볼에 강력분, 코코아가루, 설탕, 소금, 탈지분유, 드라이이스트, 35℃로 따뜻하게 데워 놓은 물과 우유를 넣은 다음 핸드믹서 반죽기의 가장 약한 단계에서 5분 정도 반죽한다.   재료가 하나로 섞이면 버터를 넣고 5분간 더 반죽한다. 반죽이 매끄러운 상태가 되면 초코칩을 넣고 섞는다.   반죽을 동그랗게 뭉쳐 볼에 담고 45℃의 따뜻한 물에 중탕한 다음, 랩을 씌워 1시간 정도 1차 발효 한다.   반죽이 2배로 부풀면 주먹으로 눌러 가스를 빼고 저울을 이용해 반죽을 3등분 한다. 각각의 반죽을 둥글리기 한 다음 면보를 씌워 15분간 중간 발효한다.   반죽을 길쭉한 모양의 타원형이 되도록 밀대로 민다.   반죽의 양옆을 ⅓씩 안으로 접어 넣는다.   접어 놓은 반죽을 세로로 놓고 안쪽부터 잡아당기듯 돌돌 말아 끝 부분이 터지지 않도록 손끝으로 잘 집어 준다. 나머지 반죽도 같은 방법으로 만든다.   반죽을 식빵틀에 간격을 띄어 담고 면보를 씌운다. 따뜻한 곳에서 40~50분간 2차 발효 후 190℃로 예열한 오븐에 30~35분간 굽는다."
2,"가을철에 먹는 홍시는 별미죠.     가을철 달콤한 홍시를 무스케이크에 활용해 특별한 맛을 완성했습니다.     가을에 어울리는 케이크를 찾으셨던 분들에게 특별한 레시피가 될 수 있을 거예요.       바닐라 시트는 컵 크기에 맞게 잘라 준비한다.     홍시는 푸드프로세서를 이용해 곱게 갈아 준비한다.     장식용 판젤라틴은 사용하기 10분 전 미리 찬물에 10분간 불린다.   판젤라틴은 찬물에 10분 정도 불려 놓는다.   곱게 갈아 준비한 홍시에 설탕과 레몬즙을 넣고 손거품기로 10초간 가볍게 섞어준다.    미리 불려 준비한 판젤라틴은 물기를 제거한 후 전자레인지에 10초간 돌려 녹인 뒤, 볼에 넣고 손거품기로 가볍게 섞어준다.   다른 볼에 생크림을 넣고 핸드믹서 거품기의 가장 센 단계에서 부드러운 소프트 아이스크림 상태가 될 때까지 거품을 낸다.   을 부어 장식한다."
2,"고급스러운 디저트를 쉽게 즐길 수 있는 방법을 소개합니다.    캐러맬의 특유한 달콤함이 고소한 견과류를 덮어 고급스러운 맛을 연출할 수 있습니다.       건조크랜베리와 건조블루베리는 럼주에 담궈 준비한다.     생크림은 따뜻하게 준비한다.   냄비에 물을 넣고 안쪽을 적신 다음 냄비에 설탕과 물엿, 꿀을 넣고 중불에 올려 끓인다.   가장자리가 갈색으로 변하면 불을 끄고 따뜻한 생크림을 조금씩 넣으며 실리콘 주걱으로 골고루 섞는다.   견과류와 건과일을 넣고 실리콘 주걱으로 골고루 섞어준다.   준비한 시판용 과자 위에 필링을 올려 완성한다."
2,"쫄깃한 식감에 맛 좋은 단감을 넣어 가을 향기가 물씬 풍기는 찹쌀케이크입니다.     호두에 고소함 까지 더해져 어른들이 특히 좋아하시는 찹쌀케이크.     만들기 어렵지 않아 쉽게 도전하실 수 있습니다.       달걀은 실온에서 30분 이상 둔다.     찹쌀가루와 베이킹파우더는 체에 내린다.     호두는 잘게 다진다.     원형틀에 유산지를 깔아 둔다.     오븐은 180℃로 10분간 예열한다.   볼에 달걀을 넣고 손거품기로 풀어 준다.   설탕, 바닐라설탕, 소금을 2~3번에 나눠 넣으며 손거품기로 골고루 섞는다.   따뜻하게 데운 생크림과 우유를 천천히 부어 가며 손거품기로 골고루 섞는다.   찹쌀가루와 베이킹파우더를 넣고 실리콘 주걱으로 가루가 보이지 않을 때까지 가볍게 섞는다.   호두와 단감을 넣고 실리콘 주걱으로 가볍게 섞는다.   유산지를 깔아 둔 원형틀에 반죽을 담고 180℃로 예열한 오븐에 30분간 굽는다."
2,"달콤 쌉싸름한 맛의 코코아를 넣어 만든 마들렌은 쌀쌀해진 날씨에 따뜻한 우유와 함께 먹기 좋은 아이템입니다.    달콤한 바나나와 함께 만든 코코아우유도 코코아파우더를 맛있게 즐길 수 있는 또 하나의 방법이 될 거예요.       달걀은 실온에서 30분이상 둔다.     버터는 전자레인지에 30초 녹인다.     마들렌틀에 철판이형제를 바른다.     오븐은 170℃로 10분간 예열한다.   볼에 실온 상태의 달걀을 넣고 손거품기로 10초간 가볍게 풀어준다.   설탕과 꿀을 넣고 손거품기로 가볍게 섞는다.   박력분과 아몬드가루, 코코아가루, 베이킹파우더를 체에 내려 넣고 손거품기로 가볍게 섞는다.   녹인버터를 넣고 손거품기로 가볍게 섞는다.   랩을 씌워 냉장고에서 하루 정도 휴지시킨다.   철판이형제를 바른 마들렌틀에 숟가락으로 반죽을 80% 정도 담은 후, 170℃로 예열한 오븐에 넣어 12분간 굽는다.   바나나코코아우유는 볼에 우유, 바나나, 꿀을 넣고 코코아가루를 체에 내려 넣은 뒤 믹서기로 섞는다."
2,"10월에 맛있는 단감을 즐기는 여러가지 방법 중 바삭한 타르트와 함께 즐길 수 있는 베이킹 레시피를 소개합니다.    단감이 쏙쏙박힌 모양이 그대로 보여 보기에도 맛있는 단감타르트를 만들어 풍성한 가을을 즐겨보세요.       버터와 달걀은 실온상태가 되도록 냉장고에서 꺼내 30분 이상 둔다.     타르트틀에 철판이형제를 바른다.     오븐은 180℃로 10분간 예열한다.   볼에 실온 상태의 버터를 넣고 핸드믹서 거품기로 가장 약한 단계에서 부드러운 상태가 될 때까지 풀어 준다.   슈가파우더, 바닐라설탕, 소금을 조금씩 넣으며 버터와 충분히 섞이도록 핸드믹서 거품기로 가장 약한 단계에서 1분간 섞는다.   실온 상태의 달걀 노른자를 넣고 핸드믹서 거품기로 휘핑해 고운 크림 상태를 만든다.   박력분을 체에 내려 넣고, 실리콘 주걱으로 가볍게 섞는다.   완성된 반죽을 비닐에 넣고 손으로 눌러 가며 하나의 반죽 덩어리로 뭉친 후, 냉장고에 넣어 1시간 정도 휴지한다.   휴지한 반죽을 두께 3mm 정도가 되도록 밀대로 밀어 편 다음 철판이형제를 바른 타르트틀에 안쪽부터 손끝으로 눌러 가며 채워 넣고, 다시 냉장고에서 30분 정도 휴지한다.   포크로 바닥에 군데군데 구멍을 낸 후, 미리 180℃로 예열한 오븐에서 12분간 굽는다.   판젤라틴은 찬물에 10분정도 불린다.   우유에 박력분을 체쳐 넣고 덩어리 지지 않도록 손거품기로 섞는다.   냄비에 의 냄비에 넣고 실리콘 주걱으로 골고루 섞는다.   단감을 넣고 실리콘 주걱으로 가볍게 섞는다.   미리 구워놓은 타르트에 속 재료를 넣고 스크래퍼로 표면을 정리한다."
2,"선선한 바람이 불어오는 요즘, 따뜻한 커피한잔과 함께 브런치를 즐기는 여유가 필요한 날씨입니다.     브런치 메뉴로 만들기 어렵지 않은 스콘을 소개합니다.     견과류와 크림치즈를 함께 즐길 수 있어 무겁지 않은 메이플스콘.     쉽게 도전해 보시고 여유 있는 아침을 즐기세요.       넛트스프레드 견과류는 잘게 다져 준비한다.     쿠키팬에 유산지를 깐다.     오븐은 180℃로 10분간 예열한다.   푸드프로세서에 강력분, 베이킹파우더, 바닐라설탕, 소금을 넣고 가볍게 갈아준다.   차가운 버터를 깍둑썰기하여 넣고 고슬고슬한 상태가 될 때까지 갈아준다.   푸드프로세서에 메이플시럽과 우유, 생크림을 넣고 하나의 반죽으로 뭉쳐준다.   반죽을 비닐에 올리고 건포도와 호두를 넣고 손으로 눌러가며 하나의 반죽으로 뭉친다.   뭉친 반죽은 냉장고에 넣어 30분간 휴지시킨다.   휴지한 반죽을 두께 2cm 가 되도록 밀대로 밀어 핀 후, 지름 5cm 원형커터로 반죽을 찍어낸 다음 유산지를 깐 팬에 간격을 띄어 올린다.   달걀 노른자와 물을 섞어 붓을 이용해 반죽 표면에 바른 뒤, 180℃로 예열한 오븐에 넣어 20분간 굽는다.   볼에 크림치즈를 넣고 핸드믹서 거품기의 가장 약한 단계에서 부드러운 상태가 될 때까지 풀어준다.    메이플시럽과 잘게 다져서 준비한 견과류를 넣고 다시 한 번 가볍게 휘핑한다."
2,"팬케이크는 아이들이 좋아하는 간식거리죠.     아몬드 슬라이스를 듬뿍 올려 씹는 맛도 살린 팬케이크를 만들어 주세요.     시나몬향이 물씬나는 버터크림은 메이플시럽과 어우러져 향긋하면서도     팬케이크와 잘 어울리는 달콤함으로 아이들의 입맛을 사로잡을 거예요.       달걀은 실온상태로 준비한다.     반죽용 버터는 미리 녹여서 준비한다.     버터시나몬스프레드용 버터는 실온에 30분 이상 둔다.   볼에 달걀을 넣고 손거품기로 10초간 가볍게 풀어준 후, 설탕과 바닐라설탕, 소금을 넣고 손거품기로 가볍게 섞는다.   생크림과 우유를 넣고 손거품기로 가볍게 섞는다.   박력분과 베이킹파우더를 체에 내려 넣은 후 손거품기로 가볍게 섞는다.   미리 녹여서 준비한 버터를 넣고 다시 한 번 손거품기로 가볍게 섞는다.   기름을 살짝 두른 팬에 반죽을 일정량 올리고 아몬드슬라이스를 올려 앞뒤로 노릇하게 굽는다.   다른 볼에 버터를 넣고 핸드믹서 거품기의 가장 약한 단계에서 부드러운 상태가 될 때까지 풀어준다.    연유와 생크림, 계핏가루를 차례로 넣고 핸드믹서 거품기로 가장 약한 단계에서 휘핑한다."
2,"채소가 들어 있어 맛도 영양도 좋은 채소크래커.     당근이 콕콕 들어 있어 색감도 이쁜 과자 입니다.     버터 대신 올리브유를 사용해 야채와 어울리는 담백한 과자를 완성했습니다.     아이들 간식으로도 좋고 간단한 안주로도 좋은 채소크래커를 만들어 바삭한 시간을 만들어 보세요.         당근과 양파는 얇게 다져 물기를 제거해 준비한다.     쿠키팬에 유산지를 깐다.     오븐은 160~170℃로 10분간 예열한다.   볼에 올리브유, 설탕, 소금을 넣고 손거품기로 가볍게 섞어준다.   미리 다져서 물기를 제거한 당근과 양파를 넣고 손거품기로 가볍게 섞어준다.   박력분, 베이킹파우더를 체쳐 내리고 실리콘 주걱으로 가볍게 섞어준다. 가루가 80%정도 섞였을 때 파슬리가루를 넣고 실리콘 주걱으로 가볍게 섞는다.   바닥에 비닐을 깔고 밀가루를 뿌린 다음 반죽을 놓고 밀가루를 뿌려 비닐을 덮는다.    두께 3mm가 되도록 밀대로 얇게 밀어편다. 반죽이 붙지 않도록 원형 쿠키틀에 밀가루를 살짝 묻혀 모양을 찍어 낸다.   유산지를 깐 쿠키팬에 반죽이 서로 붙지 않도록 일정한 간격을 두고 올린다.    포크를 이용해 반죽 가운데 구멍을 내고 160~170℃로 예열한 오븐에 15분간 굽는다."
2,"양파는 채썰 때 우리의 눈을 맵게하는 아이지만    음식 재료 안에서는 특유의 알싸한 맛과 동시에 달콤한 맛과 향을 내주는 재미있는 식재료 입니다.     오늘은 양파물과 양파를 이용해 빵을 만들어 봤습니다.     특유의 양파 향이 향긋하면서도 빵 안에서 달콤한 맛을 내주므로 매력적인 빵입니다.       양파는 잘게 다져 준비한다.     쿠키팬에 유산지를 깐다.     오븐은 180℃로 10분간 미리 예열한다.   볼에 강력분, 소금, 드라이이스트, 제빵개량제, 꿀, 35℃의 따뜻한 우유, 양파갈은물을 넣은 다음 핸드믹서 반죽기로 가장 약한 단계에서 5분 정도 반죽한다.    재료가 섞이면 올리브유를 넣고 핸드믹서 반죽기로 5분간 더 반죽한다.   반죽이 매끄러운 상태가 되면 반죽을 동그랗게 뭉쳐 볼에 담고 45℃의 따뜻한 물에 중탕한 다음, 랩을 씌워 1시간정도 1차 발효 한다.   반죽이 2배로 부풀면 주먹으로 눌러 가스를 뺀다. 저울을 이용해 반죽을 60g씩 분할해서 둥글리기 한 다음 면보를 씌워 15분간 중간 발효시킨다.   잘게 다진 양파는 후라이팬에 소금과 후춧가루를 넣고 살짝 볶아준다.   의 양파를 반죽 위에 올린다.   피자치즈를 뿌린 후, 따뜻한 곳에서 40~50분간 2차발효 시키고 180℃로 예열한 오븐에 15분간 굽는다."
2,"안토시안 색소로 관심이 많은 블루베리를 쿠키 속에 넣었습니다.     보라색이 인상적인 쿠키죠.     상큼하게 씹히는 블루베리가 더해져 가볍게 즐기실 수 있는 쿠키입니다.     집에 블루베리와 함께 어울릴 만한 견과류가 있다면 함께 반죽 속에 넣고 말아서 구워도 맛있습니다.    건강도 생각한 쿠키를 구워서 지인과 나눠보세요.       버터와 달걀은 실온 상태가 되도록 냉장고에서 꺼내 30분 이상 둔다.     오븐은 180℃로 10분간 예열한다.   볼에 실온상태의 버터를 넣고 핸드믹서 거품기로 가장 약한 단계에서 30초간 풀어준다.   슈가파우더와 바닐라설탕, 소금을 2번에 나눠 조금씩 넣어 가며 부드러운 상태가 되도록 핸드믹서 거품기로 가장 약한 단계에서 2분간 휘핑한다.   실온 상태의 달걀 노른자를 넣고 핸드믹서 거품기로 가장 약한 단계에서 고운 크림 상태가 될 때까지 1분간 휘핑한다.   박력분, 아몬드가루를 체에 내려 넣고, 실리콘 주걱으로 가루가 보이지 않을 때까지 가볍게 섞는다.   반죽을 2등분 하여 한쪽에는 블루베리파우더를 체에 내리고 가루가 살짝 보일 정도로 실리콘 주걱으로 가볍게 섞어준다.   반죽을 각각 비닐봉투에 담고 손으로 눌러가며 하나의 반죽 덩어리로 뭉친 다음 냉장고에 30분 정도 휴지시킨다.   기본반죽과 블루베리반죽 모두 두께 0.3cm가 되도록 밀대로 얇게 민다.   기본반죽 위에 블루베리반죽을 올려 놓는다.   블루베리반죽 위에 건조블루베리를 올린다.   안쪽에서부터 공간이 남지 않도록 촘촘하게 말아준다. 반죽을 비닐에 싼 채로 냉장고에 넣어 1시간 이상 휴지 시킨다.   냉장고에서 휴지시킨 반죽을 꺼내 1cm 두께로 썬다. 유산지를 깐 쿠키팬에 서로 붙지 않도록 일정한 간격을 두어 올리고 180℃로 예열한 오븐에 12~15분간 굽는다."
2,"리치한 치즈프로스팅이 듬뿍 올라간 이번 당근머핀은      올리브유를 이용해 특유의 가벼운 느낌이 너무 잘 어울리는 머핀이랍니다.      가끔은 진한 크림치즈에 입이 즐거울 수 있도록 마음을 양보해 주세요.       달걀과 크림치즈는 실온 상태가 되도록 냉장고에서 꺼내 30분 이상 둔다.     당근은 채칼로 잘게 채 썬 다음 물기를 제거한다.     호두는 굵게 다진다.     머핀팬에 유산지를 깐다.     오븐은 180℃로 10분간 예열한다.   볼에 달걀을 넣고 손거품기로 가볍게 풀어준다.   흑설탕을 2~3번에 나눠 조금씩 넣어 가며 손거품기로 골고루 섞는다. 올리브유와 계핏가루를 체에 내려 손거품기로 섞는다.   박력분, 베이킹파우더를 체에 내려 넣고 실리콘 주걱으로 가볍게 섞는다.   채칼로 잘게 채 썬 당근과 굵게 다진 호두를 넣고 실리콘 주걱으로 골고루 섞는다.   유산지를 깔아둔 머핀틀에 반죽을 담고 180℃로 예열한 오븐에 20분간 구워서 식힘망에 얹어 식힌다.   다른 볼에 실온 상태의 크림치즈를 넣고 핸드믹서 거품기로 가장 약한 단계에서 부드러운 상태가 되도록 20초간 풀어준 다음 설탕을 넣고 핸드믹서 거품기로 가장 약한 단계에서 1~3분간 휘핑한다.   플레인요구르트를 넣고 핸드믹서 거품기의 가장 약한 단계에서 가볍게 풀어준다.   스패츌러를 이용해 머핀 윗면에 아이싱한다."
2,"부드러운 버터링쿠키에 홍차 향을 더해 입 안에서 홍차 향이 더욱 부드럽게 퍼지는 쿠키입니다.    홍차버터링쿠키 만으로도 충분하지만 홍차 향과 초콜릿은 너무나도    잘 어울리는 조화이기 때문에 초콜릿에 피스타치오를 뿌려 한 층 맛과 멋을 더했습니다.    가을의 분위기와 너무나도 잘 어울리는 홍차쿠키의 은은함을 따뜻한 우유 한잔과 함께 즐겨보세요.       버터와 달걀은 실온 상태가 되도록 냉장고에서 꺼내 30분 이상 둔다.     오븐은 180℃로 10분간 미리 예열한다.   볼에 실온상태의 버터를 넣고 핸드믹서 거품기로 가장 약한 단계에서 30초간 풀어준다.   설탕과 바닐라설탕, 소금을 2번에 나눠 조금씩 넣어 가며 부드러운 상태가 되도록 핸드믹서 거품기로 가장 약한 단계에서 2분간 휘핑한다.   실온 상태의 달걀 노른자를 넣고 핸드믹서 거품기로 가장 약한 단계에서 고운 크림 상태가 될 때까지 1분간 휘핑한다.   박력분을 체에 내려 넣고, 실리콘 주걱으로 가루가 보이지 않을 때까지 가볍게 섞는다.   홍차가루를 넣고 가볍게 섞는다.   별모양깍지를 끼운 짤주머니에 의 반죽을 담는다. 유산지를 깐 쿠키팬에 모양내어 짠 후, 180℃ 오븐에 12분간 굽는다.   완성된 쿠키는 식힘망에 올려 충분히 식힌다.   중탕으로 녹인 다크커버처 초콜릿에 쿠키 한쪽을 코팅한다. 초콜릿이 굳기 전에 다진 피스타치오를 올려 장식한다."
2,"사과가 맛있는 요즘 맛있는 사과를 이용한 매력적인 케이크를 소개합니다.    아삭거리는 사과와 향긋한 계피향이 느껴지는 부드럽고 촉촉한 케이크 입니다.    베이킹하기 좋은 계절 가을에 탐스러운 애플케이크를 만들어 보세요.       아몬드크림용 버터와 달걀은 실온에 30분 이상 둔다.     호두는 먹기 좋은 크기로 잘라놓는다.     원형 케이크틀에 유산지를 깐다.     오븐은 170℃로 10분간 미리 예열한다.   냄비에 얇게 저민 사과, 레몬즙, 설탕, 계핏가루를 넣고 3~5분간 조려서 식힌다. 조린 사과에 수분이 많을 경우 체에 거르면 반죽 안에서 더 잘 익습니다.   볼에 실온 상태의 버터를 넣고 핸드믹서의 거품기로 가장 약한 단계에서 부드러운 상태가 되도록 10초간 풀어 준다.    설탕과 바닐라설탕, 소금을 섞은 다음 조금씩 넣으며 부드러운 상태가 되도록 핸드믹서의 거품기로 가장 약한 단계에서 2분간 휘핑한다.   달걀을 2번에 나눠 넣으며 충분히 풀어지도록 1분씩 휘핑해 고운 크림 상태가 되도록 한다.   박력분과 베이킹파우더를 체에 내리고 실리콘 주걱으로 가볍게 섞어준다.   미리 준비한 호두를 넣고 실리콘 주걱으로 가볍게 섞는다.   유산지를 깔아둔 원형틀에 실리콘 주걱을 이용해 반죽을 넣는다. 실리콘 주걱을 이용해 윗면을 평평하게 한다.   의 케이크가 나오자마자 표면에 끓인 살구잼을 빵솔을 이용해 발라준다."
2,"고소한 통헤즐넛으로 장식해서 만든 헤즐넛쿠키를 소개해 드립니다.     모양도 예쁘고 맛도 좋아 남녀노소 누구나 좋아하는 쿠키 입니다.     나른한 오후에 커피 한잔에 헤즐넛쿠키로 피로를 날려버리세요.     감사한 마음을 담아 선물하기에도 아주 좋은 쿠키에요.       달걀과 버터는 실온 상태가 되도록 냉장고에서 꺼내 30분 이상 둔다.     쿠키팬에 유산지를 깐다.     오븐은 180℃로 10분간 미리 예열한다.   볼에 실온 상태의 버터를 넣고 핸드믹서 거품기의 가장 약한 단계에서 부드러운 상태가 되도록 30초간 풀어 준다.   설탕, 소금을 2~3번에 나눠 넣으며 핸드믹서 거품기로 가장 약한 단계에서 30초 가량 가볍게 섞는다.    계핏가루, 레몬껍질을 넣고 핸드믹서 거품기로 가장 약한 단계에서 30초간 가볍게 섞는다.   달걀 노른자를 넣고 핸드믹서 거품기의 가장 약한 단계에서 1분간 휘핑한다.   박력분과 아몬드가루를 체에 내린 후 실리콘 주걱으로 가볍게 섞는다.   반죽을 비닐에 넣고 돌돌 말아 원기둥 모양을 만든 다음 냉장고에 넣어 2시간 이상 휴지한다.   볼에 달걀 흰자를 넣고 핸드믹서 거품기로 가장 센 단계에서 20초간 풀어 준다.    거품이 풍성하게 일면 설탕을 조금씩 넣으며 단단한 거품이 되도록 핸드믹서 거품기의 가장 센 단계에서 2분간 휘핑한다.   아몬드가루를 체에 내려 넣고, 실리콘 주걱으로 가볍게 섞는다.    원형깍지를 끼운 짤주머니에 담는다.   의 머랭을 짜고, 그 위에 통헤즐넛을 올려 장식한다.    180℃로 예열한 오븐에 15분간 구워 식힘망에 얹고 식힌다."
2,"아몬드크림에서 느껴지는 밤 특유의 고소함과 달콤함으로 가을을 한껏 품은 타르트를 완성했습니다.    가을이 주는 선물인 밤을 이용해 만드는 타르트는 더 큰 선물이 될 수 있는 아이템입니다.    밤타르트를 만들어 풍성한 가을을 나눠보세요.       아몬드크림용 버터와 달걀은 실온에 30분 이상 둔다.     타르트틀에 철판이형제를 바른다.     오븐은 180℃로 10분간 미리 예열한다.   푸드프로세서에 박력분을 체쳐 내리고 설탕, 바닐라설탕, 소금을 넣고 가볍게 섞어준다.   푸드프로세서에 찬물과 차가운 버터를 깍둑썰기 해서 넣어 하나의 반죽이 되도록 섞는다.   완성된 반죽을 비닐에 넣고 손으로 눌러 가며 하나의 반죽 덩어리로 뭉친 후, 냉장고에 넣어 30분 정도 휴지한다.   휴지한 반죽을 두께 0.3cm 정도가 되도록 밀대로 편다. 철판이형제를 바른 타르트틀에 안쪽부터 손끝으로 눌러 가며 채워 넣는다.   포크로 바닥에 군데군데 구멍을 낸다. 180℃로 예열한 오븐에 넣어 12분간 구운 다음 식힘망에 얹어 충분히 식힌다.   볼에 마롱페이스트를 넣고 생크림을 조금씩 넣어가며 핸드믹서 거품기의 가장 약한 단계에서 휘핑한다.    럼주를 넣고 다시 한 번 가볍게 휘핑한다.   다른 볼에 버터를 넣고 핸드믹서 거품기의 가장 약한 단계에서 부드러운 상태가 될 때까지 풀어준다.    슈가파우더와 바닐라설탕을 2번에 나눠 넣으며 버터와 충분히 섞이도록 핸드믹서 거품기로 가장 약한 단계에서 휘핑한다.   달걀을 넣고 핸드믹서의 거품기로 가장 약한 단계에서 휘핑해 고운 크림상태로 만든다.   아몬드가루와 박력분을 체에 내려 넣고 실리콘 주걱으로 가볍게 섞는다. 마지막에 럼주를 넣고 다시 한 번 가볍게 섞어준다.   에 완성된 아몬드크림을 채우고 표면을 평평하게 정리한다. 보늬밤을 먹기 좋은 크기로 잘라서 올린 다음 180℃로 예열한 오븐에 35~40분간 굽는다."
2,"가끔 추억의 맛처럼 기억에 남아 문득 먹고 싶은 고구마케이크.    식이섬유소가 풍부하게 들어가 있는 가을 제철 고구마를 이용해서 기억 속 고구마 케이크를 만들어 보세요.    부드러운 크림에 녹아있는 달콤한 고구마맛은 누구나 좋아할 만한 간식거리가 될 수 있습니다.       달걀은 실온 상태가 되도록 냉장고에서 꺼내 30분 이상 둔다.     고구마는 미리 삶아 껍질을 까서 준비한다.     냄비에 물과 설탕을 넣고 끓인 뒤 한김 식으면 럼주를 넣어 시럽을 완성한다.     원형틀에 유산지를 깐다.     무스틀에 무스띠를 두른다.     오븐은 180℃로 10분간 미리 예열한다.   볼에 달걀 2개를 넣고 핸드믹서 거품기의 가장 센 단계에서 휘핑해 거품을 낸다. 큰 거품이 일어나면 설탕, 바닐라설탕을 2~3번에 나눠 넣으면서 휘핑한다.   반죽을 들어 올렸을 때 되직하게 떨어지면서 볼에 리본 모양으로 겹치면 완성된 것이다. 핸드믹서 거품기의 가장 약한 단계에서 기포를 정리한다.   박력분, 옥수수전분, 베이킹파우더를 체에 내려 넣고 실리콘 주걱으로 가볍게 재빨리 섞는다.   유산지를 깐 원형틀에 반죽을 채우고 180℃ 오븐에서 25분간 굽는다.   시트가 완전히 식으면 빵칼을 이용해 시트를 3단으로 자르고 시트 윗면에 시럽을 바른다.   볼에 미리 삶아서 준비한 고구마를 으깨어 넣고, 커스타드크림과 꿀을 넣고 핸드믹서 거품기의 가장 약한 단계에서 휘핑한다.    생크림을 조금씩 넣어가며 핸드믹서 거품기로 휘핑한다.   무스띠를 두른 무스틀에 에 남은 시트 한장을 곱게 갈아 케이크 윗면과 옆면에 붙인다.   피스타치오와 구운 고구마를 이용해 케이크를 장식한다."
2,"스콘은 담백한 맛으로 아침에 커피나 우유와 함께 간단히 즐기기에 좋은 메뉴입니다.     오늘의 스콘은 통밀을 넣어 고소함을 더하고 윗면에 직접 만든 캐러맬을 올려 고급스러운 맛을 추가했답니다.     캐러맬의 달콤 쌉싸름한 맛이 가미되어 있어 아침의 아메리카노와 즐기기 더욱 좋은 캐러맬넛트스콘.     내일 아침을 위해 오늘 저녁 스콘만들기에 도전해 보세요.       쿠키팬에 유산지를 깐다.     오븐은 180℃로 10분간 예열한다.   냄비에 물을 넣고 안쪽을 적신 다음 냄비에 설탕과 물을 넣고 중불에 올려 끓인다.   가장자리가 갈색으로 변하면 불을 끄고 따뜻한 생크림을 조금씩 넣으며 실리콘 주걱으로 골고루 섞어 캐러맬을 만들어 식힌다.   푸드프로세서에 강력분, 박력분, 통밀가루, 베이킹파우더, 소금을 넣고 가볍게 갈아준 다음, 차가운 버터를 깍둑썰기하여 넣고 고슬고슬한 상태가 될 때까지 갈아준다.   푸드프로세서에 의 캐러맬과 생크림을 넣고 하나의 반죽으로 뭉쳐준다.   반죽을 비닐에 올리고 호두, 마카다미아, 피스타치오를 넣고 손으로 눌러가며 하나의 반죽으로 뭉친 다음, 냉장고에 넣어 30분간 휴지시킨다.   휴지한 반죽을 두께 2cm가 되도록 밀대로 밀어 핀 다음, 지름 5cm 원형커터로 반죽을 찍어낸 다음 유산지를 깐 팬에 간격을 띄어 놓고 180℃로 예열한 오븐에 넣어 20분간 굽는다."
2,"잣은 불포화지방산이 함유되어있어 피부미용에 좋고 비타민E 성분은     항산화 작용이 뛰어나 노화를 막아주는 등 몸에 좋은 견과류 중 하나로 알려져 있습니다.     오늘의 타르트는 아몬드크림과 커스타드크림, 두 가지 필링의 조화가 잣과 너무나도 잘 어울리는 잣타르트.     기존에 타르트보다 색다른 맛을 원한다면 잣타르트에 도전해 보는것은 어떨까요.       버터와 달걀은 실온에 30분 이상 둔다.     타르트틀에 철판이형제를 바른다.     오븐은 180℃로 10분간 예열한다.   볼에 버터를 넣고 핸드믹서 거품기의 가장 약한 단계에서 부드러운 상태가 될 때까지 풀어준다.    슈가파우더와 바닐라설탕 소금을 조금씩 넣으며 버터와 충분히 섞이도록 핸드믹서 거품기로 가장 약한 단계에서 휘핑한다.   실온상태의 달걀 노른자를 넣고 핸드믹서 거품기로 휘핑해 고운 크림상태를 만든다.   박력분을 체에 내려 넣고 실리콘 주걱으로 가볍게 섞는다.   완성된 반죽을 비닐에 넣고 손으로 눌러 가며 하나의 반죽 덩어리로 뭉친 후, 냉장고에 넣어 30분 정도 휴지한다.   휴지한 반죽을 두께 0.3cm 정도가 되도록 밀대로 편다. 철판이형제를 바른 타르트틀에 안쪽부터 손끝으로 눌러 가며 채워 넣는다.   포크로 바닥에 군데군데 구멍을 낸다. 180℃로 예열한 오븐에 넣어 12분간 구운 다음 식힘망에 얹어 충분히 식힌다.   커스터드크림용 우유와 박력분을 섞어준 뒤, 체에 걸러가며 냄비에 넣는다.   냄비를 중불에 올리고 눌러 붙지 않도록 실리콘 주걱으로 저어가며 끓인다. 설탕을 넣고 보글보글 끓을 때까지 끓인 다음 불에서 내린다.   달걀 노른자를 넣고 실리콘 주걱으로 섞는다. 완성된 커스터드크림은 공기에 닿지 않도록 표면에 랩을 밀착시킨 후 냉장고에 넣어 차갑게 식힌다.   볼에 아몬드크림용 버터를 넣고 핸드믹서 거품기의 가장 약한 단계에서 부드러운 상태가 될 때까지 풀어준다.    슈가파우더와 바닐라설탕을 넣고 핸드믹서 거품기로 휘핑한다.    실온상태의 달걀을 넣고 풀어준 뒤 아몬드가루를 넣고 핸드믹서 거품기로 가장 약한 단계에서 가볍게 휘핑한다.   충분히 식은 의 아몬드 크림을 올린다.   잣을 올린 뒤 170℃로 예열한 오븐에 30~35분간 굽는다."
2,달고 굵은 밤을 뜻하는 마론위에 올린다.   시트를 안쪽에서부터 둥글려가며 말아준 다음 유산지에 싸서 냉장고에 넣어 30분간 차갑게 식힌다.
2,"키쉬는 식사대용으로 먹을 수 있는 파이입니다.    오늘은 요즘 맛있는 감자를 듬뿍 넣은 키쉬를 준비했습니다.    브런치로 손색없은 키쉬를 만들어 맛있는 오전 시간의 여유를 가져보세요.       감자는 미리 삶아서 준비한다.     타르트틀에 철판이형제를 바른다.     오븐은 180℃로 10분간 예열한다.   푸드프로세서에 박력분, 달걀 노른자, 소금, 차가운 버터를 깍둑썰기하여 넣고 가장 센 단계에서 10초간 돌리다가 재료가 섞이면 찬물을 넣고 15초간 더 돌린다.   반죽이 뭉쳐지면 비닐봉투에 담아 냉장고에 넣어 1시간 이상 휴지시킨다.   휴지한 반죽을 두께 0.3cm 정도가 되도록 밀대로 편다. 철판이형제를 바른 타르트틀에 안쪽부터 손끝으로 눌러 가며 채워 넣고, 포크로 바닥에 군데군데 구멍을 낸다. 180℃로 예열한 오븐에 넣어 12~15분간 굽는다.   미리 준비한 감자와 베이컨은 먹기 좋은 크기로 잘라서 준비한다.   위에 필링을 붓는다.   피자치즈와 파슬리가루를 뿌리고 180℃로 예열한 오븐에 넣어 30분간 굽는다."
2,"백앙금의 달콤함에 아몬드가루의 고소함을 더한 상투과자는 만들기도 어렵지 않고 가볍게 즐길 수 있는 간식거리입니다.    상투과자가 일본에서 우리나라로 처음 들어왔을 때는 '구리볼'로 알려지다가    상투와 모양이 비슷하다하여 상투과자라고 불리우기 시작했다고 합니다.    이제는 색과 맛도 여러가지인 변화무쌍한 상투과자를 손쉽게 만들어 보세요.       백앙금은 실온상태로 준비한다.     쿠키팬에 유산지를 깐다.     짤주머니에 깍지를 넣어 준비한다.     오븐은 180℃로 10분간 예열한다.   볼에 실온 상태의 흰 팥앙금을 넣고 핸드믹서 거품기로 가장 약한 단계에서 부드러운 상태가 되도록 30초간 풀어준다.   아몬드가루를 덩어리지지 않도록 손으로 쳐가며 체에 내린다.   생크림과 물엿을 넣고 핸드믹서 거품기로 가장 약한 단계에서 30초간 가볍게 섞어 되직한 상태의 반죽을 완성한다.   반죽을 3등분 하여 각각 녹차가루, 백년초가루, 호박가루를 체에 내린다. 핸드믹서 거품기로 20초간 가볍게 섞어 반죽을 완성한다.   모양깍지를 끼운 짤주머니에 각각의 반죽을 넣는다.   유산지를 깐 팬에 상투과자 모양을 만들며 각각의 반죽을 짠 다음 180℃로 예열한 오븐에 넣어 15분간 굽는다."
2,"달콤한 밤과 함께 구워낸 보늬밤 파운드케이크는 부드러운 식감과 함께 고급스러운 맛을 자랑하는 케이크입니다.    파운드케이크는 선물용으로 많이 찾는 아이템이죠.    이번 추석때는 내 손으로 직접 만든 파운드케이크를 선물해 보시는건 어떠세요?       버터, 달걀, 우유는 실온 상태가 되도록 냉장고에서 꺼내 30분 이상 둔다.     파운드케이크틀에 철판이형제를 바른다.     오븐은 180℃로 15분간 예열한다.   볼에 실온 상태의 버터를 넣고 핸드믹서의 거품기로 가장 약한 단계에서 부드러운 상태가 되도록 10초간 풀어준다.   메이플시럽과 바닐라 설탕을 넣고 부드러운 상태가 되도록 핸드믹서의 거품기로 가장 약한 단계에서 2분간 휘핑한다.   달걀은 1개씩 넣으며 충분히 풀어지도록 1분씩 휘핑해 고운 크림 상태가 되도록 한다.   밤페이스트를 넣고 부드러운 상태가 되도록 핸드믹서의 거품기로 가장 약한 단계에서 1분간 휘핑한다.   박력분과 아몬드가루, 베이킹파우더를 체에 내리고 실리콘 주걱으로 가볍게 섞어준다. 우유를 넣고 실리콘 주걱으로 가볍게 섞어준다.   파운드 틀에 반죽을 넣고 윗면을 평평하게 한 다음, 미리 준비해둔 보늬밤을 파운드 위에 얹고 예열한 170℃ 오븐에 30~40분간 굽는다."
2,"몸에 좋은 견과류들의 반란.    견과류를 캐러맬과 함께 타르트 위에 듬뿍 올렸습니다.    캐러맬과 함께 견과류의 고소함을 극대화시킨 타르트죠.    한 번 맛본다면 한 번쯤은 달콤하게 견과류를 즐기는 것도 나쁘지 않다는 것을 느낄 수 있을 거예요.       버터와 달걀은 실온에 30분 이상 둔다.     타르트틀에 철판이형제를 바른다.     오븐은 180℃로 10분간 예열한다.   볼에 버터를 넣고 핸드믹서 거품기의 가장 약한 단계에서 부드러운 상태가 될 때까지 풀어준다.    슈가파우더와 바닐라설탕 소금을 조금씩 넣으며 버터와 충분히 섞이도록 핸드믹서 거품기로 가장 약한 단계에서 휘핑한다.   실온상태의 달걀 노른자에 인스턴트 커피를 가볍게 풀어준 뒤, 의 타르트에 속재료를 넣어 완성한다."
2,"고소한 호두가 달콤한 백앙금과 잘 어울어지는 밤과자는 부드러운 식감으로 어른들이 좋아하시는 간식거리입니다.    고소하고 담백한 맛을 내는 밤과자는 만든 만큼 보람이 있는 아이템이죠.     추석 선물용으로도 손색이 없는 밤과자를 만들어 마음을 담은 선물을 준비하세요.       버터, 달걀은 실온 상태가 되도록 냉장고에서 꺼내 30분 이상 둔다.     쿠키팬에 유산지를 깐다.     오븐은 170℃로 10분간 예열한다.   볼에 실온 상태의 버터를 넣고 핸드믹서 거품기의 가장 약한 단계에서 부드러운 상태가 될 때까지 풀어준다.    설탕을 넣고 핸드믹서의 거품기로 가장 약한 단계에서 30초간 휘핑한다.   실온상태의 달걀을 넣고 핸드믹서의 거품기로 휘핑해 고운 크림상태로 만든다.    물엿과 연유를 넣고 핸드믹서의 거품기로 가볍게 섞는다.   박력분과 아몬드가루, 베이킹소다를 체에 내려 넣고 실리콘 주걱으로 가볍게 섞는다.   반죽을 비닐에 넣고 냉장고에서 1시간 이상 휴지한다.   1시간 이상 휴지시킨 반죽을 30g씩 나누고 동그랗게 빚는다.   비닐 사이에 반죽을 넣고 밀대로 동그랗게 반죽을 밀어 편다.   흰앙금은 25g씩 분할해 동그랗게 빚어 윗면에 골고루 바른다.   호두와 해바라기씨를 얹은 뒤, 170℃로 예열한 오븐에 12~15분간 굽는다."
2,"만들기 쉬운 밤양갱과 녹차양갱을 만들어 가족들의 간식을 책임져 보세요.    가족들이 다 모인 명절 날 어른들부터 아이들까지  모두의 입맛을    만족 시킬 달콤한 양갱으로 달콤한 시간을 완성해 보세요.      밤통조림의 밤은 물기를 빼서 준비한다.   물에 한천가루를 넣고 10분 동안 불려준다. 냄비에 불린 한천가루를 넣고 중불에서 가볍게 끓여준다.   설탕, 소금을 넣고 다시 한 번 중불에서 가볍게 끓여 준다.   끓어오르면 단팥을 넣고 실리콘 주걱으로 잘 풀어준다.   냄비를 불에서 내린 다음 물엿을 넣고 실리콘 주걱으로 가볍게 섞어준다.   양갱몰드에 밤을 깔아준다.   밤을 깔아 놓은 틀에 를 채워 넣은 뒤 서늘한 곳에서 굳힌다."
2,"복숭아를 블루베리와 라즈베리등 달콤한 베리류와 함께 무스의 부드러움을 즐길 수 있는 떠먹는 무스케이크 입니다.     다양한 맛을 한입에서 맛볼 수 있는 매력적인 아이템입니다.       냄비에 물, 설탕을 넣어 끓이고 차갑게 식힌 후 럼주를 넣어 시럽을 완성한다.     크림치즈와 사워크림은 실온상태가 되도록 냉장고에서 꺼내 30분 이상 둔다.     장식용 건조크랜베리와 건조블루베리는 럼주에 절인다.     복숭아통조림에 복숭아를 곱게 갈아 복숭아 퓨레를 만든다.   디저트컵에 시판용 시트를 2장씩 찍어 준비한다. 디저트컵에 준비한 시트 1장을 깔아준다.   시트에 미리 만들어 둔 시럽을 빵솔로 발라준다.   볼에 실온 상태의 크림치즈를 넣고 핸드믹서 거품기로 가장 약한 단계에서 크림상태가 되도록 20초간 풀어 준다.   설탕과 바닐라 설탕을 넣고 핸드믹서 거품기로 가장 약한 단계에서 10초간 풀어 준다.   복숭아퓨레를 넣고 핸드믹서 거품기로 가장 약한 단계에서 가볍게 풀어 준다.      다른 볼에 생크림을 넣고 핸드믹서 거품기의 가장 센 단계에서 부드러운 소프트아이스크림 상태가 될 때까지 거품을 내고, 오렌지술을 넣는다.   의 볼에 휘핑한 생크림을 2~3번에 나누어 넣고 실리콘 주걱으로 가볍게 섞어준다.   시트를 깔아 준비한 디저트 컵에 6의 필링을 1/2씩 넣는다.   필링 위에 장식용 크랜베리와 블루베리, 복숭아를 올린다.   미리 준비한 시트 1장을 올린다.   나머지 필링을 붓고 스크래퍼로 표면을 평평하게 정리한다."
2,"폼므는 프랑스어로 사과를 뜻하는 단어입니다.     사과를 이용한 귀엽고 깜찍한 디저트를 알려드립니다.     시중에 나오는 사과통조림을 이용하셔도 좋고,    요즘 제철인 아오리 사과를 살짝 조려서 사용해도 치즈와 함께 어울리는 상큼한 디저트가 탄생합니다.       버터, 달걀, 크림치즈는 실온 상태가 되도록 냉장고에서 꺼내 30분 이상 둔다.     박력분과 아몬드가루는 체에 내린다.     미니머핀틀에 철판이형제를 바른다.     오븐은 170℃로 10분간 예열한다.   볼에 실온 상태의 버터를 넣고 핸드믹서 거품기로 가장 약한 단계에서 부드러운 상태가 될 때까지 풀어 준다.   슈거파우더와 바닐라설탕을 조금씩 넣으며 버터와 충분히 섞이도록 핸드믹서 거품기로 가장 약한 단계에서 휘핑한다.   실온 상태의 달걀노른자를 넣고 핸드믹서 거품기로 휘핑해 고운 크림 상태를 만든다.   박력분과 아몬드가루를 체에 내려 넣고, 실리콘 주걱으로 가볍게 섞는다.   완성된 반죽을 비닐에 넣고 손으로 눌러 가며 하나의 반죽 덩어리로 뭉친 후, 냉장고에 넣어 1시간 정도 휴지한다.   휴지한 반죽을 두께 3mm 정도가 되도록 밀대로 밀고, 밀가루를 묻힌 원형 쿠키커터로 찍어 낸다.   철판이형제를 바른 미니 머핀틀에 반죽을 안쪽부터 손끝으로 눌러 가며 채워 넣고, 포크로 바닥에 구멍을 낸 다음 냉장고에서 30분 정도 휴지한다.   볼에 달걀노른자를 넣고 손거품기로 살짝 풀어주다가 분량의 설탕과 바닐라설탕을 넣고 손거품기로 저어가며 풀어준다.   냄비에 우유를 넣고 중불에서 끓이다가 끓어오르기 직전에 불에서 내린다.   에 필링을 붓고 스트로이젤을 위에 뿌려준 뒤 180℃로 예열한 오븐에 15~20분간 굽는다."
2,"취향대로 포도를 즐길 수 있는 방법 중 하나는 타르트 위를 장식하는 방법이겠죠?      바삭한 타르트지와 부드러운 치즈필링, 상큼한 포도가 조화를 이루는 레시피입니다.      다양한 과일과 궁합을 자랑하는 치즈타르트는 다른 과일로도 응용이 가능하세요.       버터와 달걀, 크림치즈는 실온에 30분 이상 둔다.     타르트틀에 철판이형제를 바른다.     오븐은 180℃로 10분간 예열한다.   볼에 버터를 넣고 핸드믹서 거품기의 가장 약한 단계에서 부드러운 상태가 될 때까지 풀어준다.   슈가파우더와 바닐라설탕 소금을 조금씩 넣으며 버터와 충분히 섞이도록 핸드믹서 거품기로 가장 약한 단계에서 휘핑한다.   실온상태의 달걀노른자를 넣고 핸드믹서 거품기로 휘핑해 고운 크림상태를 만든다.   박력분을 체에 내려 넣고 실리콘 주걱으로 가볍게 섞는다.   완성된 반죽을 비닐에 넣고 손으로 눌러 가며 하나의 반죽 덩어리로 뭉친 후, 냉장고에 넣어 30분 정도 휴지한다.   휴지한 반죽을 두께 0.5cm 정도가 되도록 밀대로 편다. 철판이형제를 바른 타르트틀에 안쪽부터 손끝으로 눌러 가며 채워 넣는다.   포크로 바닥에 군데군데 구멍을 낸다. 180℃로 예열한 오븐에 넣어 12분간 구운 다음 식힘망에 얹어 충분히 식힌다.   젤라틴은 찬물에 10분 정도 불려 놓는다.   볼에 실온 상태의 크림치즈를 넣고 핸드믹서 거품기로 가장 약한 단계에서 부드러운 상태가 되도록 20초간 풀어 준다.   사워크림을 넣고 핸드믹서 거품기로 10초간 풀어 준다. 설탕과 바닐라설탕을 넣고 핸드믹서 거품기로 10초씩 풀어 준다.   위에 포도를 올린다.   포도 위에 붓을 이용해 미로와를 발라 완성한다."
2,여름을 대표하는 이름 수박.     수박을 가지고 시원한 샤베트를 만들어 더위의 끝자락을 시원하게 날려 버리세요.     지친 하루를 기분 좋게 마무리 해줄 레시피입니다.     수박을 믹서기를 이용해 곱게 간다.   설탕을 넣고 손거품기로 가볍게 섞는다.   플레인요구르트와 레몬즙을 넣고 손거품기로 가볍게 섞는다.   탄산수를 넣고 손거품기로 가볍게 섞는다.   를 디저트 컵에 담은 뒤 냉동고에서 1시간 이상 굳힌다.
2,"다크초콜릿은 특유의 쌉싸름한 맛은 다른 재료들과 어우러 지면서 고급스러운 디저트맛을 연출해 냅니다.     더운 여름철에 시원하면서도 고급스러운 디저트를 만들어서 중요한 시간들의 마지막을 멋지게 장식해보세요.      원형무스틀에 무스띠를 두른다.   무스띠를 두른 원형무스틀 바닥에 스펀지 시트를 깐다.   냄비에 생크림, 휘핑크림을 넣고 따뜻하게 데운다.   냄비에 다크커버처 초콜릿을 넣고 실리콘 주걱으로 초콜릿이 다 녹을 때까지 골고루 섞는다.   볼에 생크림을 넣고 핸드믹서 거품기의 가장 센 단계에서 부드러운 소프트 아이스크림 상태가 될 때까지 휘핑한 다음 초콜릿술을 넣어 풍미를 더한다.   의 글라사쥬를 부어 표면을 코팅한다."
2,"팥빙수는 여름철 별미죠.     팥을 색다르게 즐길 수 있는 레시피를 알려드립니다.     슈 안에 들어있는 단팥크림은 만들기 어렵지 않으면서도 그 달콤함은 충분히 매력있는 아이템입니다.       우유, 버터, 달걀은 실온에 30분이상 둔다.     쿠키팬에 유산지를 깐다.     오븐은 200℃로 15분간 예열한다.   냄비에 물, 버터, 소금을 넣은 다음 중불에서 버터가 녹고 물이 끓어오를 때까지 끓인다.   불에서 내린 다음 박력분을 체에 내려 넣고, 반죽이 뭉치지 않도록 실리콘 주걱으로 가볍게 섞어 하나의 덩어리로 만든다.   냄비를 중불에 올리고 앞뒤로 반죽을 굴리며 1분간 열을 가한다. 반죽을 볼에 옮겨 담고 1~2분간 한김 식힌다.   반죽에 달걀을 1개씩 넣으며 잘 섞이도록 핸드믹서로 가장 약한 단계에서 1분간 반죽한다.   원형깍지를 끼운 짤주머니에 반죽을 넣고 유산지를 깐 쿠키팬에 간격을 띄어 지름 2cm 정도가 되도록 짠다.    반죽 표면에 스프레이로 물을 충분히 뿌린다.    반죽에서 위로 솟은 부분은 손가락에 물을 묻혀 살짝 누른다.    200℃로 예열한 오븐에 20~25분간 굽고 식힘망에 얹어서 충분히 식힌다.   볼에 생크림을 넣고 핸드믹서 거품기의 가장 센 단계에서 부드러운 소프트 아이스크림 상태가 될 때까지 거품을 낸다.   단팥과 연유를 넣고 다시 한 번 핸드믹서 거품기로 10초간 풀어준다. 완성된 크림은 짤주머니에 넣는다.   충분히 식힌 슈는 빵칼로 칼집을 내고 필링을 슈에 가득 짠 뒤 냉동고에 30분 이상 넣는다."
2,다크초콜릿의 쌉싸름한 매력을 생크림으로 부드럽게 조화시킨 오늘의 무스케이크는    한 입 한 입 먹을 때마다 그 매력에 더욱 깊이 느낄 수 있는 메뉴입니다.    초콜릿을 좋아하는 분들이라면 Black이 주는 달콤한 유혹에 빠져보세요.       오레오쿠키는 커터에 곱게 간다.     버터는 중탕으로 녹인다.     미니 무스틀에 무스띠를 두른다.     판젤라틴은 찬물에 10분간 불린다.   볼에 곱게 간 오레오쿠키와 녹인 버터를 넣고 골고루 섞는다.   무스띠를 두른 미니틀 바닥에 위에 으깬 오레오쿠키를 뿌리고 다시 냉장고에 넣어 2시간 정도 차갑게 굳힌다.
2,다크초콜릿의 쌉싸름한 매력을 생크림으로 부드럽게 조화시킨 오늘의 무스케이크는    한 입 한 입 먹을 때마다 그 매력에 더욱 깊이 느낄 수 있는 메뉴입니다.    초콜릿을 좋아하는 분들이라면 Black이 주는 달콤한 유혹에 빠져보세요.       오레오쿠키는 커터에 곱게 간다.     버터는 중탕으로 녹인다.     미니 무스틀에 무스띠를 두른다.     판젤라틴은 찬물에 10분간 불린다.   볼에 곱게 간 오레오쿠키와 녹인 버터를 넣고 골고루 섞는다.   무스띠를 두른 미니틀 바닥에 위에 으깬 오레오쿠키를 뿌리고 다시 냉장고에 넣어 2시간 정도 차갑게 굳힌다.
2,"노란색 바닐라크림이 꽉 차있는 기존의 슈 만큼이나 매력적인 슈를 소개합니다.    새콤달콤한 재미있는 맛을 가진 라즈베리를 이용해 부드러운 슈를 꽉 채웠습니다.    사랑스런 핑크빛이 주는 신선한 맛을 만들어보세요.       버터와 댤걀, 크림치즈, 사워크림, 라즈베리퓨레는 실온에 30분 이상 둔다.     쿠키팬에 유산지를 깔아 둔다.     오븐은 200℃로 15분간 예열한다.     가루젤라틴을 찬물 2큰술에 넣어 10분 정도 불린다.   냄비에 물, 버터, 소금을 넣은 다음 중불에서 버터가 녹고 물이 끓어오를 때까지 끓인다.   불에서 내린 다음 박력분을 체에 내려 넣고, 반죽이 뭉치지 않도록 실리콘 주걱으로 가볍게 섞어 하나의 덩어리로 만든다.   냄비를 중불에 올리고 앞뒤로 반죽을 굴리며 1분간 열을 가한다. 반죽을 볼에 옮겨 담고 1~2분간 한김 식힌다.   반죽에 달걀을 1개씩 넣으며 잘 섞이도록 핸드믹서로 가장 약한 단계에서 1분간 반죽한다.   원형깍지를 끼운 짤주머니에 반죽을 넣고 유산지를 깐 쿠키팬에 간격을 띄워 지름 2cm 정도가 되도록 짠다.    반죽표면에 스프레이로 물을 충분히 뿌린다. 반죽에서 위로 솟은 부분은 손가락에 물을 묻혀 살짝 누른다.    200℃로 예열한 오븐에 20~25분간 굽고 식힘망에 얹어서 충분히 식힌다.   볼에 실온 상태의 크림치즈를 넣고 핸드믹서 거품기로 가장 약한 단계에서 부드러운 상태가 되도록 20초간 풀어 준다.   설탕과 사워크림을 넣고 핸드믹서 거품기로 10초간 풀어준다.   실온 상태의 라즈베리퓨레를 넣고 핸드믹서 거품기로 가볍게 풀어 준다.   불려 놓은 젤라틴을 중탕으로 녹인 뒤, 에 넣고 핸드믹서 거품기로 가장 약한 단계에서 10초간 섞어준다.   완성된 필링은 짤주머니에 넣는다.   충분히 식힌 슈는 빵칼로 칼집을 내고 필링을 슈에 가득 짠 뒤, 냉동고에 1시간 정도 굳힌다."
2,시원하게 즐기는게 제맛인 망고는 제과에서도 여름철 즐겨 쓰는 식재료 중 하나죠.    오늘은 망고를 시원한 케이크로 즐기는 방법을 소개합니다.    어렵지 않게 망고 아이스케이크를 만들어 시원한 티타임을 즐겨보세요.       망고퓨레는 냉동실에서 꺼내 실온 상태에 둔다.     판젤라틴은 찬물에 10분간 불린다.     원형무스틀에 무스띠를 두른다.   스펀지 시트를 무스띠를 두른 원형무스틀 사이즈에 맞게 잘라 바닥에 깐다.   볼에 실온상태의 망고퓨레와 설탕 레몬즙을 넣고 손거품기로 가볍게 섞는다.   물에 불린 판젤라틴은 손으로 짜서 물기를 제거하고 중탕으로 녹인다.    중탕으로 녹인 젤라틴은 의 속재료를 넣고 스패츌러로 표면을 평평하게 정리한 다음 냉장고에서 2시간 정도 굳힌다.   망고퓨레와 미로와를 섞어 케이크 위에 바른 다음 망고와 애플민트를 올려 장식한다.
2,"시원한 아이스크림을 부르는 여름.     집에서도 내가 원하는 아이스크림을 만들어 먹을 수 있습니다.     여름철 시원하게 망고를 즐기는 방법으로 망고아이스바를 소개합니다.     입 안에서 부드럽게 녹아들어가는 생크림 아이스크림을 즐겨보세요.     볼에 달걀 노른자를 넣고 손거품기로 가볍게 풀어준다. 설탕을 넣고 다시 한 번 가볍게 풀어준다.   옥수수전분을 체에 내려 넣고 손거품기로 가볍게 풀어준다.   냄비에 우유를 넣고 불에 올려 데운 후, 불에서 내려 의 아이스크림을 코팅한다.   코팅한 아이스크림은 쿠키크런치를 이용하여 장식한다."
2,"상큼함이 녹아있는 부드러운 생크림 아이스크림에 달콤한 화이트초콜릿을 곁들였습니다.    화이트초콜릿의 달콤함이 라즈베리의 상큼한 맛을 한층 업그레이드 해주는 고급 아이스크림입니다.    모양도 예쁘게 꾸며서 여름철 시원한 간식을 만들어 보세요.     볼에 실온 상태의 크림치즈를 넣고 핸드믹서 거품기로 가장 약한 단계에서 부드러운 상태가 되도록 20초간 풀어 준다.   사워크림을 넣고 핸드믹서 거품기로 가장 약한 단계에서 10초간 풀어 준다.   설탕과 바닐라설탕을 넣고 핸드믹서 거품기로 가장 약한 단계에서 가볍게 풀어준다.   라즈베리퓨레를 넣고 핸드믹서 거품기로 가장 약한 단계에서 가볍게 풀어준다.   다른 볼에 생크림을 넣고 핸드믹서의 거품기로 가장 센 단계에서 부드러운 상태로 휘핑 한 후, 오렌지술을 넣고 실리콘주걱으로 가볍게 섞는다.   의 아이스크림을 코팅한다.   코팅한 아이스크림은 피스타치오를 이용하여 장식한다."
2,"바닐라향이 진하게 풍겨지는 아이스크림을 바삭한 쿠키와 함께 즐길수 있는 메뉴입니다.    더운 여름철 방학을 맞이한 아이들과 함께 재미나고 시원한 맛을 만들어 즐겨보세요.       다이제스티브는 커터에 곱게 간다.     버터는 중탕으로 녹인다.     미니 무스틀에 무스띠를 두른다.   볼에 곱게 간 다이제스티와 녹인 버터를 넣고 골고루 섞는다.   무스띠를 두른 미니 육각무스틀 바닥에 넣고 숟가락으로 누른다음 냉장고에 넣어 굳힌다.   젤라틴을 찬물에 10분간 불린다.   볼에 달걀 노른자 2개를 넣고 손거품기로 10초간 가볍게 풀어준 후, 옥수수전분과 박력분을 체에 내려 넣고 손거품기로 가볍게 섞는다.   바닐라빈을 반으로 갈라 칼 끝으로 씨를 긁는다. 냄비에 우유와 바닐라 씨를 넣고 중불에 올려 냄비 가장자리가 보글거릴 때까지 끓인다.   우유를 위에 으깬 다이제스티브를 뿌리고 다시 냉장고에 넣어 2시간 정도 차갑게 굳힌다."
2,요구르트의 시원함에 묻힌 복숭아를 느끼실 수 있는 여름의 디저트 요구르트 복숭아무스케이크를 소개합니다.    치즈케이크보다 부드러운 무스케이크는 여름에 좀 더 가볍게 즐기실 수 있는 디저트 입니다.       스펀지시트 1장     젤라틴 1ts위에 조심스럽게 부은후 냉장고에 30분이상 넣어둔다.
2,"따뜻한 녹차보다는 시원한 녹차아이스크림이 떠오르는 계절,     다른 방법으로 녹차를 부드럽고 차갑게 변신 시켜줄 레시피를 소개합니다.     부드럽고 폭신한 녹차시트와 시원한 녹차필링으로 이루어진     오늘의 케이크는 아이스크림보다는 조금 더 고급스러운 녹차 디저트입니다.     선물용이나 손님 접대용으로 손색이 없는 여름 디저트에 도전하세요.       달걀 흰자 2개, 설탕 75g, 바닐라설탕 1개의 볼에 휘핑한 생크림은 2~3번 나누어 넣고 실리콘 주걱으로 가볍게 섞어준다.   사각 무스틀에 필링을 넣는다.   필링 위에 시트를 올린 다음 냉장고에 넣어 1시간 이상 차갑게 굳힌다."
2,"롤케이크는 언제나 인기가 많은 아이템인것 같습니다.    선물하기에도, 누군가 대접할 때도, 간식으로도 거창하진 않지만 부드러운 매력을 품고 있는 아이죠.    오늘 롤케이크는 부드러운 케이크 시트에 블루베리의 상큼한 맛을 더한 필링이 어울리는 롤케이크입니다.         달걀 흰자 2개, 설탕 60g, 바닐라설탕 1개에 필링을 스패출러로 얇게 펴 바른다. 건조블루베리를 뿌려준 뒤, 시트를 안쪽부터 둥글려가며 살짝 말아 준 다음 유산지에 싸서 냉장고에 넣어 30분 차갑게 식힌다."
2,"오렌지가 겹겹이 올라가는 오늘의 메뉴는 오렌지의 상큼한 과즙이     베이스가 되는 타르트의 맛을 더욱 깔끔하게 잡아주는 타르트 입니다.      오렌지와 함께 시원하게 즐길 수 있는 오렌지타르트를 만들어 보세요.     상큼한 맛이 무더운 여름, 입맛을 깨워줄 거예요.       버터 75g, 슈가파우더 50g, 바닐라설탕 1개, 소금 ⅛ts의 타르트에 필링을 넣고 슬라이스한 오렌지를 얹는다. 냉장고에 넣어 1시간 동안 차갑게 굳힌다."
2,"블루베리가 맛있는 요즘 생 블루베리로도 응용이 가능한 레시피를 소개해 드립니다.    블루베리치즈케이크는 블루베리의 상큼함이 케이크 속에 그대로 녹아있고,    블루베리의 건강한 색 또한 케이크에 녹아있어 보기에도 좋은 디저트 입니다.       오레오쿠키 100g, 버터 30g     젤라틴 1½ts의 필링을 넣고 스크래퍼로 표면을 평평하게 정리한 후, 냉장고에 넣어 1시간 동안 차갑게 굳힌다.   휘핑크림과 블루베리 파이필링으로 장식한다."
2,"여름철엔 시원한 망고를 생과일로 먹어도 맛있지만     새로운 레시피를 원하는 베이커들에게 쉬운 망고디저트를 소개합니다.    오븐없이 만들 수 있는 디저트이기 때문에 무더운 더위에 시원하게 신선한 디저트를 만들어 보세요.       다이제스티브 100g, 버터 20g     젤라틴 1½ts을 부어 장식한다."
2,"초코치즈아이스롤케이크는  달지 않으면서도 모양까지 예쁜 롤케이크입니다.    폭신한 시트에 부드럽게 어울어지는 시원한 필링은 여름철에 어울리는 케이크입니다.     초콜릿이 들어가 아이들 입맛에도 제격이죠.    시원한 롤케이크 한 조각으로 아이들에게 시원한 여름 간식을 선사하세요.         달걀 2개, 설탕 70g, 바닐라설탕 1개의 필링을 케이크시트 위에 스패출러로 얇게 펴 바른다.   생크림을 바른 시트를 안쪽에서부터 둥글려가며 살짝 말아 준 다음 유산지에 싸서 냉장고에 넣어 30분간 차갑게 식힌다."
2,"스트레스 받고 입맛이 없는 여름엔 시원한 아이스아메리카노와     함께 어울리는 시원한 치즈케이크가 생각나는 날이 있죠.     오늘 소개해드릴 치즈케이크는 상큼한 유자향이 어우러져     새콤달콤함을 부드러운 치즈와 함께 즐길 수 있는 치즈케이크입니다.     쌉싸름한 아이스아메리카노에 빠질 수 없는 디저트를 색다르게 즐겨보세요.       달걀 2개, 설탕 60g, 바닐라설탕 1개의 속재료의 ½ 분량을 붓고 그 위에 시트를 올린 다음 나머지 속재료를 붓고 스크래퍼로 표면을 평평하게 정리한 다음 냉장고에 넣어 1시간 정도 굳힌다.   장식용 유자청과 미로와를 섞어 케이크 표면에 얹고 스패츌러로 평평하게 정리한다."
2,"바나나와 초콜릿은 디저트를 만들 때 잘 어울리는 한쌍입니다.     달콤하면서도 쌉싸름한 초콜릿에 함께 어울리는     달콤한 바나나는 고급스러운 디저트 맛을 만들어내죠.     바나나밀크초콜릿무스케이크는 그 조화를 맛보실 수 있는 시원한 디저트 입니다.    부드러운 달콤함을 맛보고 싶으시다면 오늘의 디저트에 도전해보세요.       1cm 두께의 초코스펀지시트 1장, 바나나 2~3개     판젤라틴 3장, 달걀 노른자 1개, 설탕 25g, 바닐라설탕 1개, 우유 60ml, 밀크커버처 초콜릿 100g,     생크림 150ml, 초콜릿술 1Ts에 속재료를 붓고 냉장고에서 2시간 정도 굳힌다."
2,"이탈리아어로 기분을 업 시켜준다는 속 뜻을 가지고 있는 이름 만큼이나     나의 기분을 좋게 만들어주는 케이크 티라미수.    케이크 윗면의 쌉싸름한 코코아가루는 달콤한 크림치즈가 맛의 균형을 잡아주고,     촉촉한 시트는 부드러운 크림치즈 필링과 어울어지는 완벽한 디저트 입니다.    기분을 좋게 만들어주는 티라미수를 만들어 좋은 기분을 주변에도 선물하세요.       달걀 3개, 설탕 90g, 바닐라설탕 1개 의 필링을 ½ 넣는다. 필링 위에 시트를 올린 다음 나머지 필링을 붓고 스크래퍼로 표면을 평평하게 정리한 후 냉장고에서 2시간 이상 굳힌다.   굳힌 케이크 표면에 무가당 코코아가루를 듬뿍 뿌리고 장식 시트를 얹은 다음 그 위에 슈가파우더를 뿌린다. 장식시트를 조심스럽게 들어내 완성한다."
2,"오렌지컵무스는 오렌지의 상큼함과 무스의 부드러움이     어우러져 누구나 다양하게 즐길수 있는 디저트입니다.    무더워진 날씨에 여름디저트 만들기로 시원한 하루를 만들어보세요.       시판용시트 1장     판젤라틴 3장, 크림치즈 60g, 사워크림 30g, 설탕 35g, 바닐라설탕 1개를 올려 마무리한다."
2,"‘프린세스’하면 공주풍의 깜찍한 프릴이 생각나는데요. 주름 잡힌 프릴모양을 닮아서 붙인 이름이예요.    쌉싸름한 코코아를 달콤하게 덮어주는 화이트초콜릿은 쿠키의 고소한 풍미를 더해줍니다.    가벼운 식감의 프린세스쿠키를 만들어 화창한 오후를 즐겨보세요.        버터 60g, 설탕 30g, 소금 ⅛ts     화이트 코팅용초콜릿 100g, 피스타치오 20g     버터와 달걀은 실온 상태가 되도록 냉장고에서 꺼내 30분 이상 둔다.     오븐은 180℃로 10분간 예열한다.   볼에 실온상태의 버터를 넣고 핸드믹서 거품기로 가장 약한 단계에서 30초간 풀어준다.   설탕과 바닐라설탕, 소금을 2번에 나눠 조금씩 넣어 가며 부드러운 상태가 되도록 핸드믹서 거품기로 가장 약한 단계에서 2분간 휘핑한다.   실온 상태의 달걀 노른자를 넣고 핸드믹서 거품기로 가장 약한 단계에서 고운 크림 상태가 될 때까지 1분간 휘핑한다.   박력분, 코코아가루, 아몬드가루를 체에 내려 넣고, 실리콘 주걱으로 가루가 보이지 않을 때까지 가볍게 섞는다. 우유를 넣고 실리콘 주걱으로 가볍게 섞는다.   별모양깍지를 끼운 짤주머니에 반죽을 담는다. 유산지를 깐 쿠키팬에 모양내어 짠 후, 180℃ 오븐에 12분간 굽는다.   중탕으로 코팅용 화이트초콜릿을 녹인다.   완성된 쿠키는 식힘망에 올려 충분히 식힌다.   중탕으로 녹인 화이트 코팅용초콜릿을 이용하여 쿠키 한쪽을 코팅한다. 초콜릿이 굳기 전에 다진 피스타치오를 올려 장식한다."
2,"더운 여름, 베이킹하기가 어렵게 느껴지는 분들께 시원하게 즐길수 있는 디저트를 소개합니다.    자몽아이스케이크는 자몽젤리가 시원하게 어우러지는 상큼한 케이크랍니다.    아이스크림처럼 시원하면서도 신선한 맛으로 여름을 즐기세요.       시판용시트 1장     판젤라틴 3장, 크림치즈 160g, 사워크림 100g, 설탕 45g, 생크림 70ml     자몽쥬스 100ml, 가루젤라틴 1ts을 붓고 냉장고에서 다시 한번 1시간 동안 차갑게 굳혀 완성한다."
2,"바질페스토 향이 가득한 홈메이드표 피자. 바질페스토는 만들기 어렵지 않기 때문에     간편하게 맛있는 피자를 맛보실 수 있습니다. 신선한 바질로 싱그러운 피자를 만들어 보세요.     또띠아를 이용해 간단하면서도 칼로리 부담 또한 약간은 덜 수 있는 피자입니다.    다양한 재료로도 응용할 수 있으니 아이들 간식거리로도 활용하면 좋을 것 같아요.        생바질 100g, 아몬드가루 20g, 호두 20g, 마늘 2개, 파마산 치즈가루 30g, 소금, 후추, 올리브유 180ml     또띠아 1장, 방울토마토 6~7개, 바질 6장, 피자치즈 80g     바질은 깨끗하게 씻어서 준비한다.     방울 토마토는 ½ 등분하여 준비한다.     오븐은 200℃로 15분간 예열한다.   커터에 생바질과 아몬드가루, 호두, 마늘, 파마산치즈가루, 소금, 후추를 넣고 30초간 돌려 곱게 간다.   올리브유를 넣고 다시 한번 커터기를 돌려 곱게 간다.   완성된 바질페스토는 냉장고에 넣어 숙성시킨다.   또띠아에 바질페스토를 바른다.   준비된 생바질과 토마토를 얹는다.   모짜렐라치즈를 뿌려준후  200℃로 예열한 오븐에 6~8분간 굽는다."
2,"고프르는 벌집이라는 뜻으로 와플을 구워내는 철판 모양에서 이름을 따온 프랑스식 와플입니다.    바삭하면서도 가벼운 식감으로 생크림이나 아이스크림, 각종 과일이나 잼과 곁들여 먹기 좋은 와플입니다.    여름이 다가오는 나른한 토요일 오후에 와플 한 조각을 담백하고 시원한 생크림과 함께 즐겨보세요.       우유 120ml, 버터 100g, 설탕 1Ts의 볼에 휘핑한 머랭을 2~3번에 나누어 넣고 실리콘 주걱으로 가볍게 섞어준다.   반죽을 하나로 뭉친 다음 냉장고에 넣어 1시간 이상 휴지한다.   철판이형제를 바른 와플틀에 반죽을 넣고 중불에 1분 30초에서 2분간 구운 뒤, 뒤집어서 1분 정도 더 구워 완성한다."
2,"기름에 방금 튀겨 설탕을 듬뿍 묻혀 먹으면 따뜻함에 설탕이 입안에서 사르르 녹으며 매력을 뿜어내는 츄러스.    아이들에게 간식거리로, 혹은 맥주 안주로도 매력적인 간식입니다.    직접 만들어 더 특별한 츄러스로 먹는 사람들에게 기쁨을 선물하세요.       우유 45ml, 물 40ml, 버터 65g, 소금 ¼ts의 반죽을 넣고 앞뒤가 노릇해지도록 2~5분간 튀겨낸다.   따뜻할 때 설탕과 계피가루 섞은것을 충분히 묻혀 준다."
2,"요즘 인도식 카레집에서 쉽게 접할 수 있는 난은 만들기 어렵지 않아     맛있는 카레만 있다면 집에서도 즐거운 외식 분위기를 낼 수 있습니다.    꼭 카레가 아니어도 속 재료를 다양하게 활용하면 인도식 난을 다르게 변신 시킬 수 있습니다.    사용하는 방법이 다양하면서도 만들기 쉬운 난을 만들어 푸짐한 저녁 시간을 가져보세요.       강력분 100g, 박력분 50g, 베이킹파우더 2ts, 플레인요구르트 100g, 버터 10g     버터는 미리 녹여 준비한다.   볼에 강력분, 박력분, 베이킹파우더를 체에 내린다.   소금, 플레인요구르트를 넣고 손거품기로 가볍게 섞어준다.   녹인버터를 넣고 손거품기로 가볍게 섞은 뒤, 가루가 없어질 때까지 손으로 반죽하여 한 덩어리로 뭉쳐 놓는다.   반죽을 45g씩 분할하고 덧가루를 뿌려 밀대로 민다.   약불로 달군 프라이팬에 반죽을 올려 노릇노릇하게 굽고 뒤집는다."
2,"모닝빵은 어떤 재료와도 다양하게 어울릴 수 있는 부드러운 빵이죠.     오늘은 여름 제철감자와 함께 어울려 먹을 수 있는 샐러드빵을 소개합니다.    여름 제철감자로 만든 샐러드는 어떤 샐러드보다도 달고 맛있죠.    모닝빵 속에 감자샐러드를 꽉 채워 든든한 한끼로 채워보세요.    브런치나 뒷산에 올라갈 때 시원한 우유 한잔과 샐러드빵으로 기분을 업 시켜 주세요.       강력분 200g, 옥수수가루 30g, 설탕 15g, 소금 ½ts, 햄 50g     감자는 깨끗하게 손질하여 삶아서 으깬다.     강력분은 체에 내린다.     우유와 물은 35℃ 정도로 데운다.     달걀과 버터는 실온 상태가 되도록 냉장고에서 꺼내 둔다.     오븐은 180℃로 15분간 예열한다.   제빵기 반죽통에 설탕, 소금, 우유, 물, 달걀을 순서대로 넣고 강력분과 옥수수가루를 체에 내린 다음 드라이이스트와 버터를 넣는다.   제빵기에 넣고 반죽한 뒤 1시간 30분 후 반죽이 끝나면 반죽통에서 반죽을 꺼내 30g씩 분할한다.    반죽을 둥글리기 하고 면보를 씌워 15분간 중간 발효 한다.   중간 발효시킨 반죽을 베이킹틀에 넣고 면보를 씌운 다음 따뜻한 곳에서 2차 발효한다. 반죽은 핸드믹서의 반죽기를 사용하여 손 반죽해도 된다.   2배로 부푼 반죽에 옥수수가루를 뿌려 장식하고 180℃로 예열한 오븐에 넣어 12~15분간 굽는다.   식힘망에 얹어 한김 식힌다.   으깬 감자에 사워크림, 플레인요구르트, 설탕, 파슬리가루, 레몬즙, 햄을 넣어 골고루 섞고 소금과 후추로 마무리하여 샐러드를 완성한다."
2,"계란빵은 부드러운 빵 반죽과 함께 통째로 익힌 달걀이 부드럽게 어우러지는 간식이죠.    아이들 간식으로 좋은 계란빵은 집에 있는 다양한 야채를 응용해서 영양 간식을 만들 수도 있는 좋은 아이템 입니다.    부드러운 계란빵으로 즐거운 간식 타임을 가지세요. 인기 만점 간식이 될 거예요.       달걀 1개, 설탕 30g, 바닐라설탕 1개, 박력분 125g, 베이킹파우더 1ts, 우유 100ml     달걀, 햄, 치즈, 소금, 파슬리가루     달걀과 우유는 실온상태가 되도록 냉장고에서 꺼내 30분 이상 둔다.     머핀팬에 철판이형제를 바른다.     오븐은 180℃로 15분간 예열한다.   달걀 1개를 손거품기로 가볍게 풀어준다.   설탕과 소금을 넣고 손거품기로 저어가며 골고루 섞는다.   박력분을 체에 내리고 손거품기로 가루가 반쯤 섞일 때까지 가볍게 섞는다.   우유를 넣고 손거품기로 가볍게 섞는다.   철판이형제를 바른 머핀틀에 골고루 섞인 반죽을 넣는다.   달걀을 반죽 위에 한개씩 얹는다.   치즈와 햄을 먹기 좋은 크기로 잘라서 달걀 위에 올린다.   파슬리가루와 소금을 뿌리고 180℃로 예열된 오븐에 12~15분간 굽는다."
2,"얇게 구워 다양한 필링재료를 함께 먹을 수 있는 크레이프.    오늘은 홈메이드 리코타치즈를 함께 곁들여 먹을 수 있는 방법을 소개해 드립니다.    감자가 들어간 크레이프 속에 홈메이드표 리코타치즈와 다양한 채소,    크랜베리등을 곁들여 먹으면 훌륭한 브런치로 즐기실 수 있습니다.       생크림 300ml, 우유 500ml, 레몬즙 3Ts     깨끗하게 손질한 감자는 미리 갈아서 준비한다.     달걀과 우유는 실온 상태가 되도록 냉장고에서 꺼내 30분 이상 둔다.   볼에 달걀 1개를 넣고 손거품기로 가볍게 풀어준다.   미리 갈아 놓은 감자와 소금을 넣고 손거품기로 골고루 섞는다.   박력분을 체에 내려 넣고 손거품기로 가루가 보이지 않을 때까지 가볍게 섞는다.   우유와 올리브유를 넣고 손거품기로 가볍게 섞는다.   팬에 반죽을 올리고 얇게 펼쳐서 굽는다.   냄비에 우유, 생크림을 넣고 중불에 올린다.   우유와 생크림이 끓어 오르면 레몬즙과 소금을 넣고 끓인다.    약불에서 보글보글 끓으면서 멍울이 질때까지 끓인 다음 불에서 내리고 면보에 받쳐 물기를 제거한다.   완성된 치즈는 밀폐용기에 담아 냉장 보관 한다."
2,"만주는 속에 꽉 찬 달콤한 앙금이 입안 가득 더해주는 과자입니다.    팥앙금과 함께 호두 같은 견과류를 함께 넣어 만들면 씹는 재미와 고소함이 더해지는 구움만주를 만드실 수 있습니다.    감자가 들어간 반죽을 노릇하게 구워 고소하고 맛있는 만주를 만들어보세요. 색다른 별미가 되는 간식입니다.       감자 80g, 박력분 100g, 베이킹파우더 1ts의 반죽을 올리고 윗부분을 살짝 누르듯이 구워준다."
2,"푸딩은 쪄서 만드는 과자라고 볼 수 있는 부드러운 디저트 입니다.    밖에서만 사먹었던 푸딩을 여름이 제철인 감자를 이용하여 만들어 보세요.    생크림과 노른자의 부드러움과 달콤함이 감자를 감싸 목 넘김이 좋은 간식거리 입니다.    차갑게 해서 드시면 더욱 맛있기 때문에 일찍 찾아온 더위에 푸딩을 만들어 시원하게 가족과 함께 즐겨보세요.       우유 150ml, 생크림 60ml, 달걀 1개, 달걀 노른자 1개, 설탕 40g, 바닐라설탕 1개 , 감자 80g~100g     깨끗하게 손질한 감자는 미리 갈아서 준비한다.     중탕용 직사각틀에 60~70℃의 따뜻한 물을 붓는다.     오븐은 100℃로 10분간 예열한다.   볼에 달걀 1개와 달걀 노른자 1개를 넣고 손거품기로 잘 풀어 준다.   설탕과 바닐라설탕을 넣고 손거품기로 골고루 섞는다.   미리 갈아서 준비한 감자를 넣고 손거품기로 섞는다.   우유와 생크림을 넣고 손거품기로 골고루 섞는다.   푸딩병에 푸딩을 붓는다.   중탕용 틀에 푸딩병을 담고 100℃로 예열한 오븐에 30분간 굽는다."
2,"바삭한 튀김과자를 좋아하는 분이라면 여름 제철 감자로 튀김감자를 만들어 보세요.    감자와 두부가 들어가 고소하고, 집에서 튀기니 믿을 수 있는 간식거리입니다.    하나하나 먹다 보면 중독되는 감자두부스낵!     굽는 과자에서 하루쯤은 재료도 방법도 색다른 레시피에 도전해 보세요.       감자 40g, 두부 40g, 설탕 50g, 소금 ½ts의 반죽을 하나씩 떼어 넣고 앞뒤가 노릇노릇해지도록 1~2분간 튀겨낸다."
2,"플로랑탱은 생크림, 설탕, 꿀, 버터, 물엿, 아몬드 슬라이스,     오렌지필, 과실 설탕절임을 배합하여 만든 고급스러운 디저트에요.    이탈리아의 도시 ‘피렌체’를 의미하는 플로랑탱은 피렌체 메디치가의 딸인 카트린이    프랑스의 앙리 2세와 결혼하면서 갖고 온 과자 중의 하나로 알려져 있어요.    고급스러움과 고소함이 가득한 플로랑탱 만들어볼까요.       버터 65g, 슈가파우더 65g, 바닐라설탕 1개, 소금 ⅛ts, 달걀 ½개, 박력분 125g     버터 50g, 설탕 75g, 생크림 50ml, 물엿 25g, 꿀 25g, 아몬드슬라이스 40g, 건조믹스필 20g     버터, 달걀, 생크림은 냉장고에서 꺼내 30분 이상 둔다.     정사각틀에 유산지를 깐다.     생크림은 전자레인지로 따뜻하게 데운다.     오븐은 180℃로 10분간 예열한다.   볼에 실온 상태의 버터를 넣고 핸드믹서 거품기의 가장 약한 단계에서 부드러운 상태가 되도록 30초간 풀어 준다.   슈가파우더, 바닐라설탕, 소금을 2~3번에 나눠 넣으면서 핸드믹서 거품기로 가장 약한 단계에서 30초 정도 가볍게 섞는다.   달걀을 넣고 핸드믹서 거품기로 가장 약한 단계에서 1분간 휘핑한다.   박력분을 체에 내려 넣고 실리콘 주걱으로 가볍게 섞는다. 비닐에 완성된 반죽을 넣어 손으로 눌러 가며 하나의 반죽 덩어리로 뭉친 다음, 냉장고에 넣어 30분 정도 휴지한다.   정사각틀에 휴지한 반죽을 넣고, 롤러로 밀어 편다. 덧가루를 살짝 뿌린 다음 포크로 구멍을 내고, 180℃로 예열한 오븐에 넣어 15분간 굽는다.   냄비에 버터, 설탕을 넣고 녹인다.   물엿, 꿀을 넣고 전체적으로 바글바글 끓인다.   따뜻하게 데운 생크림을 나누어 넣고 실리콘 주걱으로 젓는다.   아몬드슬라이스와 건조믹스필을 넣고 섞으면서 조린다.   필링이 굳기 전에 구운 시트에 재빨리 붓고 실리콘 주걱으로 평평하게 정리한다. 190℃로 예열한 오븐에 넣어 20분간 굽는다.    사각팬째 식힘망에 얹어 식힌 후 팬에서 분리하고, 빵칼을 이용해 직사각형으로 자른다."
2,"담백하면서 부담 없이 먹을 수 있는 간식을 찾으셨던 분들이라면 쉽게 만들 수 있는 그리시니를 소개합니다.    감자가 들어가 고소하면서 검은깨가 그 고소함을 한껏 높여주는 그리시니는     남녀노소 누구나 자꾸자꾸 손이 가게끔 만드는 간식입니다.    여름 제철 감자로 만든 그리시니를 가족과 함께 즐기며 나누세요.       강력분 100g, 박력분 65g, 설탕 10g, 소금 1ts, 버터 50g, 달걀 노른자 1개,     감자 100g     달걀 노른자, 검은깨     깨끗하게 손질한 감자는 미리 갈아서 준비한다.     쿠키팬에 유산지를 깐다.     오븐은 220℃로 15분간 예열한다.   볼에 강력분, 박력분을 체에 내린다.   설탕, 소금, 드라이이스트, 버터, 달걀노른자, 갈아놓은 감자를 넣고 가장 약한 단계에서 5분 정도 반죽하다 버터를 넣고 5분간 더 반죽한다.    반죽이 고슬고슬하게 뭉쳐지면 손으로 매끄러운 상태가 되도록 뭉쳐준다.   반죽을 손바닥으로 굴려 가며 50cm 길이의 막대모양으로 늘인다.    반죽 표면에 빵솔로 달걀 노른자를 바른다.   노른자 위에 검은깨를 뿌린 다음 예열한 220℃ 오븐에 8분간 굽는다."
2,"아이들에게 엄마표 간식을 해주고 싶을 때, 추천해 드리는 땅콩샌드쿠키입니다.    가운데 고소한 땅콩크림을 듬뿍 발라 주면 남녀노소 누구나 좋아하는 쿠키 입니다.    한번 먹으면 자꾸만 손이 가는 매력적인 땅콩샌드쿠키!    낱개로 포장해서 선물하기에 좋은 쿠키에요.       버터 50g, 땅콩버터 60g, 설탕 50g, 바닐라설탕 1개, 소금 ¼ts     크림치즈 50g, 땅콩버터 40g, 슈가파우더 20g     버터와 달걀은 실온 상태가 되도록 냉장고에서 꺼내 30분 이상 둔다.     쿠키팬에 유산지를 깐다.     오븐은 180℃로 10분간 예열한다.   볼에 실온 상태의 버터와 땅콩버터를 넣고 핸드믹서 거품기의 가장 약한 단계에서 부드러운 상태가 되도록 30초간 풀어 준다.   설탕과 바닐라설탕, 소금을 2~3번에 나눠 넣으며, 핸드믹서 거품기로 가장 약한 단계에서 30초 정도 가볍게 섞는다.   실온 상태의 달걀 노른자를 넣고 잘 섞일 때까지 핸드믹서 거품기로 가장 약한 단계에서 1분간 휘핑한다.   박력분, 베이킹파우더를 체에 내린 다음 실리콘 주걱으로 가볍게 섞는다.   반죽을 비닐에 넣고 손으로 눌러 가며 덩어리로 뭉친 다음 냉장고에서 1시간 정도 휴지한다.   바닥에 비닐을 깔고 밀가루를 뿌린 다음 반죽을 놓고 밀가루를 뿌려 비닐을 덮는다.       두께 5mm가 되도록 밀대로 얇게 밀어 편다. 반죽이 붙지 않도록 사각쿠키틀에 밀가루를 살짝 묻혀 모양을 찍어 낸다.   유산지를 깐 쿠키팬에 반죽이 서로 붙지 않도록 일정한 간격을 두고 올린다.  180℃로 예열한 오븐에 12분간 구워 식힘망에 얹고 식힌다.   볼에 크림치즈와 땅콩버터를 넣고 핸드믹서 거품기의 가장 약한 단계에서 부드러운 상태가 되도록 30초간 풀어 준다.   슈가파우더를 넣고, 핸드믹서 거품기로 가장 약한 단계에서 30초 정도 가볍게 섞는다.   쿠키 사이에 땅콩크림을 짠 후, 쿠키를 마주 붙여 완성한다."
2,"아몬드가 들어 있어 고소한 맛이 일품인 아몬드트윌이에요.    바삭바삭한 식감의 쿠키라서 자꾸만 손이 가는 디저트에요.    아이들 간식용으로도 아주 좋아요.     만드는 법도 간단한 아몬드트윌에 도전해보세요.       달걀 흰자 2개, 설탕 90g, 바닐라설탕 1개, 박력분 20g, 아몬드슬라이스 120g, 녹인버터 20g     버터는 중탕으로 녹여 준비한다.     쿠키팬에 유산지를 깐다.     오븐은 180℃로 10분간 예열한다.   볼에 달걀 흰자를 넣고 손거품기로 가볍게 섞는다.   설탕, 바닐라설탕을 2~3번에 나눠 넣고, 손거품기로 가볍게 섞는다.   박력분을 체에 내려 넣고, 실리콘주걱으로 가볍게 섞는다.   아몬드슬라이스를 넣고, 손거품기로 가볍게 섞는다.   녹인 버터를 넣고, 실리콘주걱으로 가볍게 섞는다.   유산지를 깐 쿠키팬에 반죽을 스푼으로 떠서 올리고 얇은 원형으로 펴준다. 예열한 180℃ 오븐에서 12분간 굽는다."