category	receipt word
1	미니 사이즈 가래떡핫도그 앙증맞 계피 팥고물 바삭하 쫄깃해 아이 최고 냄비 두르 노릇해질 칼집 공간 생기 칼집 앙금 다지 호두 피칸 뿌리 마무리 앙금 바르 다지 견과류 뿌리
1	밑반찬 뚝딱 만들 메뉴 달달하면서 단호 고소 바삭한 호두 식감 어우러지 물리 단호 껍질째 파내 사각 호두 가르 식용유 마무리
1	빼빼로데 아이 친구 외면 아이 만들 유치원 학교 들리 보내 따뜻 초콜릿 중탕 전자레인지 돌리 초콜릿 씌우 과자 스틱 초콜릿 묻히 유산지 상자 구멍 초콜렛 굳히 스프링클 뿌리 장식 초콜릿 굳히 마무리 기호 따르 다지 아몬드 땅콩 뿌리
1	고기 육수 푸짐 건더기 매력 육개장 혼자 해먹기엔 조리과정 부담 매콤한 육개장 양념 냉장고 물만두 식사 다시마 다시마 건지 양념 버무리 채소 대파 끓이 물만두 끓이 달걀 끓이 마무리 소금 맞추세욀
1	탕수 때깔 메뉴 변신 어떨까요 칠리소스 만들 탕수 입히 이거 진짜 탕수 감탄사 양파 다지 청양고추 썰고 만들 탕수 키친 타월 올리 전자레인지 돌리 달구 식용유 끓이 데우 탕수 청양고추 버무리 올리 마무리
1	노오란 호박 담기 영양 몸보신하 쫀득한 씹히 대추 달큰함 고소 호박 단맛 어울리 영양 호박 껍질   찹쌀 불리 놓으세요 대추 3등분하고 껍질 벗기 나누 대추 세로 칼집 돌리 제거 수삼 다양 재료 추가 불리 찹쌀 두르 껍질 껍질 벗기 변하 완성 은행 단호 채우 오르 찜통 마무리 뚜껑
1	와인 커피 어울리 메뉴 계핏가루 뿌리 해서 손님 디저트 손색 버터 설탕 생각 설탕 조절   무염 버터 경우 소금 간해요 단호 파내 전자레인지 익히 익히 단호 버터 전자레인지 돌리 녹이 단호 버무리 호박 올리 중간 노릇하 꺼내 설탕 계핏가루 아몬드 뿌리 마무리 백설 황설탕 사용
1	무르 표고버섯 간장 양념 반찬 가을 달큰하 표고버섯 어우러지 느끼 표고버섯 밑동 어슷 어슷하 버섯 두께 냄비 다시마 잠기 끓이 건지 한입 자르 표고버섯 재료 중간 조리 이쑤시개 무르 찌르 반이상 버섯 국물 자작 한입 다시마 마무리 접시 통깨 뿌리
1	김장 앞두 담그 김치 냉동실 얼리 오징어 김치 오징어 김칫국 끓이 숙취 해소 피로회복 오징어 타우 성분 오징어 손질 한입 한입 배추김치 풋고추 어슷 냄비 풋고추 끓이 마무리 
1	불타 금요일 직화구 술상 어울리 석쇠 불맛 느끼 대파 마늘 꼬치삼총사 맥주 쇠고기 재우 대파 길이 마늘 익히 대파 마늘 꼬치 나무 꼬치 담그 사용 재료 맞추 석쇠 센불 달구 중약불 꼬치 앞뒤 돌리 마무리 일정 거리 유지 양념 재료 바르
1	케첩 느끼 소시지야채볶음 소주 즐기 성인용 버전 소야 마늘 매콤한 스리라차 칠리소스 안주 양파 피망 양배추 한입 마늘 비엔나소 칼집 기름기 데치 사용 달구 식용유 대체
1	김치 비비 끓이 보장 최고 조합 비비 소금 절이 즐기 달걀 프라이 김가루 즐기 소금 두르 달구 김치 날치 곁들이 마무리 취향 따르 달걀 프라이 김가루
1	피시 소스 청양고추 매운맛 닭고기볶음 큰코다치 금요일 술안주 반전 매력 하얀닭고기볶음 어떠세요 피시 소스 멸치액젓 두르 페페론치노 페페론치노 갈라넣으면 매운맛 센불 올리 닭고기 이상 양파 대파 닭고기 청양고추 마무리
1	경상 지방 배추 올리 부치 달큰하 아삭아삭 씹히 배추 담백 어우러지 술안주 손색 배추 부분 칼집 배추 둥글 칼집 부치 소금물 흔들 고추 배추 밀가루 묻히 여분 가루 달구 식용유 두르 배추 반죽 담그 꺼내 나머지 반죽 배추 고추 올리 앞뒤 노릇하 지져 마무리 곁들이
1	다양 시판 소스 요리 자극 즐기 재료 끓이 요리 완성 준비 재료 종류 깔끔 요리 만들 거예요   새우 소금물 중간 끓이 홀토마토 으깨 믹서 끓어오르 끓이 줄어들 오븐 용기 치즈 뿌리 200℃ 예열한 오븐 노릇하 마무리 치즈 뿌리 뚜껑 녹이
1	쇠고기 냉동실 구석 후다닥 요리 채소 모으 양념 간장 맞추 식사 완성 방문 손님 대접 손색 쇠고기 키친 타월 밭쳐 청주 숙주 부추 달걀 프라 만들 마무리
1	수능 당일 도시락 평소 반찬 즐기 메추리알 장조 자극 수능 도시락 반찬 손색 수능 반찬 걱정 추천 메뉴 냄비 메추리알 소금 시작 식초 소금 메추리알 터지 껍질 벗기 새송이버섯 자르 꽈리 고추 메추리알 껍질 메추리알 끓이 새송이버섯 조림 끓이 꽈리 고추 끓이 마무리
1	흘리 얼큰한 국물 정신 해물 감칠맛 어우러지 홍합 오징어 매운찌개 준비 목이버섯 불리 마늘 생강 양파 대파 어슷 오징어 홍합 소금물 냄비 식용유 대파 끓이 마무리
1	시판 떡갈비 만들 바비큐 소스 수제버거 햄버거 만들 냉장고 채소 프레 모차렐라 치즈 사용 만들 바비큐 소스 요리 어울리 찹스테이크 닭고기 곁들이   우스터소스 간장 두르 시판 떡갈비 노릇하 가장 자리 공간 달걀 올리 프라이 중약 마요네즈 바르 양상추 떡갈비 바비큐소스→ 슬라이스 체다치즈 토마토 양파 달걀 프라 올리 마무리 취향 베이컨 파인애플 올리
1	머리 수험생 위하 견과류 반찬 준비 고단 가슴 공부 지치 아이 거예요 매콤한 양념 담백 닭가슴살 고소 캐슈넛 어울리 마른고추 청양고추 대파 가슴 주사위 모양 하고 만들 달구 식용유 두르 마른고추 대파 밑간한 닭고기 청양고추 양념장 센불 캐슈넛 마무리
1	재료 다듬 카레 카레 가루 리소토 만들 카레 리소토 거예요 대신 하기 손색 피망 제거 다지 냄비 찬밥 끓이 마무리
1	말리 나물 비타민 무기질 취나물 고추장 감칠맛 무치 3교시 힘내 집중 도와줄거에요 마른취나물 따뜻 불리 불리 취나물 취나물 버무리 마무리
1	시험 단백질 순두부 끓이 담백 끓이 소화 부담 시험 도시락 메뉴 추천   마무리
1	감자 생기 토란 제철 쫄깃하 식감 특징 지방 이름 영양 보통 탕국 멸치 간장 조리 밑반찬 껍질 토란 껍질 토란 껍질 벗기 쌀뜨물 데치 토란 쌀뜨물 데치 쓴맛 갈변 예방 잔멸치 흔들 잔가루 멸치 마르 중약 냄비 식용유 통깨 뿌리 마무리
1	제주 음식 갈칫국 매콤하 끓이 뚫리 일품 제철 단호 얼갈이배추 국물 살리 신선 갈치 끓이 갈치 지느러미 내장 제거 비늘 소금 청양고추 대파 끓이 후춧가루 마무리
1	날씨 달콤한 고구마 최고 고구마 포만감 은근 다이어트 효과 기대 밑반찬 뚝딱 해결 헹구 불리 준비 고구마 껍질 벗기 한입 고구마 전기밥솥 불리 동량 취사하 마무리
1	감자 생기 토란 제철 쫄깃하 식감 특징 지방 이름 영양 보통 탕국 멸치 간장 조리 밑반찬 껍질 토란 껍질 토란 껍질 벗기 쌀뜨물 데치 토란 쌀뜨물 데치 쓴맛 갈변 예방 잔멸치 흔들 잔가루 멸치 마르 중약 냄비 식용유 통깨 뿌리 마무리
1	버섯 동안 집안 냄새 쫄깃한 식감 덕분 풍성 느끼 찌개 매콤한 양념장 곁들이 일품 요리 즐기 차조 헹구 불리 준비 느타리버섯 밑동 제거 가닥가닥 불리 표고버섯 제거 마르 표고버섯 말랑해지 건지 설탕 불리 불리 차조 밥솥 버섯 올리 불리 분량 취사 올리 마무리 버섯 수분 밥물
1	쓰러지 일으키 낙지 가을 제철 맛깔나 볶음요리 만들 즐기 다크서클 내리 가족 위하 보약 메뉴 아삭한 콩나물 오르 낙지 밥상 채우 거예요 콩나물 머리 꼬리 헹구 제거 양파 깻잎 대파 어슷 낙지 소금 마무리 통깨 뿌리 낙지 자르
1	전어 며느리 전어 올리 냄새 풍기 시작 데리야키소스 달콤 고소 입맛 밥반찬 술안주 어울리 전어 꼬리 머리 방향 비늘 제거 꼬리 지느러미 자르 아가미 벌리 내장 제거 헹구 제거 몸통 칼집 소스 바르 맞추 소금구이 경우 손질 천일염 뿌리 재우 구우 중간 달구 식용유 두르 전어 중약 줄이 손질 전어 제거 비늘 달라붙지 전어 동안 팬에 중약 걸쭉하 만들 전어 노릇한 시작 소스 바르 마무리 데리야키소스 바르 전어 이상 익히 소스 바르 마무리 대파 올리
1	짭조름하 오징어 장조 씹히 통마늘 반찬 메추리알 달걀 꽈리 고추 우엉 재료 활용 도시락 반찬 딱이에요~ 껍질 벗기 마늘 꼭지 오징어 모양 다리 길이 냄비 마늘 마르 표고버섯 다시마 마무리 국물 비벼먹어
1	바다 별미 해물 사시사철 구하 오징어 새우 홍합 풍성 아삭아삭 씹히 연근 재미 찬물 불리 준비 연근 껍질 벗기 오징어 새우 홍합 소금물 마무리 양념장 곁들이
1	입맛 찬밥 새콤한 반찬 곁들이 매콤하 고구마줄기볶음 요리 방울 흘리 완성 고구마 줄기 길이 생고구마줄기 섬유질 벗기 소금 무르 사용 중간 달구 들기름 두르 고춧가루 고구마 줄기 다지 마늘 국간 설탕 통깨 마무리
1	김치 열무 쫄깃한 우럭 매콤한 양념장 열무 열무 우럭 탱탱한 생선 찬밥 우럭 열무 다듬 소금 데치 찬물 헹구 열무 누르 무르 데치 우럭 지느러미 꼬리 내장 정리 3등분해 소금 후춧가루 뿌리 대파 어슷 냄비 열무 우럭 올리 양념장 뿌리 중간 끓이 뚜껑 국물 끼얹 국물 자작 마무리
1	대한 민국 휴게소 빠지 통감자버터구이 고소 냄새 코끝 자극 모르 지갑 노릇하 통감자버터구이 만들 냄비 녹이 버터 센불 녹이 감자 중불 노릇하 설탕 파슬리 가루 뿌리 마무리
1	데리야키 양념 구이 일본말 간장 설탕 맛술 소스 부르 만들 해물 요리 활용 오징어 달콤 젓가락질 멈추 거예요 가쓰오부시 제외 데리야키 소스 재료 졸이 가쓰오부시 식히 거르 만들 냉장고 보관 생선 사용 보관 오징어 칼집 마늘 마른고추 청피망 식용유 청피망 마무리
1	명절 손님 초대 단골 메뉴 갈비 갈비 식상 달콤한 과일 천연 단맛 추가 영양 키위 파인애플 사과 연육효과 돼지갈비 찬물 이상 핏물 제거 바꾸 냄비 돼지갈비 센불 올리 끓어오르 줄이 익히 뚜껑 끓이 양념장 냉장실 하루 재우 당근 한입 모서리 둥글 다듬 대파 어슷 파인애플 키위 바나나 한입 냄비 익히 돼지갈비 면포 거르 육수 과일 대파 양념 졸이 마무리 바나나 무르
1	영화관 캐러멜 팝콘 강냉이 만들 아빠 맥주 안주 아이 인기 메뉴 설탕 상태 나머지 재료 나중 강냉이 버무리 사용 재료 끓이 설탕 보글보글 오르 기포 재료 캐러멜 소스 강냉이 팝콘 만들 쟁반 펼치 식히 마무리
1	과일 하루 숙성 양념장 신선 채소 비빔 국수 만들 입맛 여름철 별미 국수 메밀 우동 취향 따르 선택   다시마 찬물 담그 건지 사용 재료 믹서 냉장실 하루 숙성 어슷 적채 파프리카 토마토 제거 골뱅이 메밀 국수 찬물 헹구 받치 국수 포장 뒷면 참조 국수 채소 골뱅이 돌리 양념장 곁들이 마무리
1	더위 달아나 입맛 걱정 새콤하 무치 골뱅이무채 비빔밥 고소 참기름 방울 입맛 골뱅이 골뱅 국물 통깨 뿌리 마무리
1	제철 과일 이유 영양가 포도 여름 토르티야 초간 피자 만들 토핑 피자 만들 식사   칠레산 포도 사용 포도 바나나 토르티야 슈레드 모차렐라치즈 포도 바나나 올리 뿌리 200℃ 예열한 오븐 마무리 뚜껑 약한불
1	생기 달구 식용유 양념해보세요 국물 생기 쫄깃하면서 꼭지 어슷 달구 식용유 앞뒤 갈색 쟁반 펼치 식히 2등분하고 양념장 버무리 참기름 버무리 마무리 참기름 고소 느끼
1	메뉴 재료 바뀌 멸치 육수 조개 쌀뜨물 구수 호박 구수 탱글탱글 모시 조개 건지 국물 한입 호박 버섯 곁들이 들깻가루 감자 진하 즐기 해감한 모시 조개 구입 해감하   식이 섬유 호박 다이어트 노화방지 피부미용 효과 여자   벗기 호박 쌈장 약고추장 강된장 올리 쌈밥 만들 호박 줄기 겉껍질 호박 중간 끓이 호박 국간 다지 마늘 고추 대파 끓이 건지 모시 조개 끓이 마무리
1	열대 과일 망고 식초드레싱 새콤달콤한 살리 샐러드 아삭한 양상추 바삭한 나초 나초망고샐러드 와인 어떠세요 거품 양상추 망고 한입 비교 냉동 망고 사용 양상추 망고 버무리 나초 부수 샐러드 뿌리 마무리 나초 비닐 부수
1	탱글탱글 쫄깃쫄깃 꼬들꼬들한 식감 돋보이 메뉴 장조 졸이 저칼로리라 여름 밑반찬 짭조름한 양념장 곁들이 견과류 메추리알 우엉 어묵 밍밍한 청양고추 꽈리 고추 꼭지 길이 어슷하 가르 표고버섯 밑동 제거 곤약 0.5㎝ 두께 칼집 칼집 모서리 꽈배 모양 만들 참깨 뿌리 마무리
1	재료 냉동 물만두 만들 누르 달걀 호응 최고 물만두 두르 누르 달걀 쪽파 앞뒤 누르 마무리 누르 중간 모으 달걀 고정 à
1	소면 아뿔싸 골뱅이 쟁여둔 고추 참치 고추장 비비 고추장 감칠맛 군침 흐르 끓이 소금 나누 통조림 고추 참치 고추장 소면 버무리 참기름 통깨 뿌리 마무리 김가루 채썬 올리
1	수박 궁합 생각 당도 부족 수박 더위 타파 과일 빙수 완성 긴가민 맛보 에디터 메뉴 테스트 점수 수박 빙수 거예요 수박 껍질 제거 얼리 얼리 수박 절반 빙수 수박 빙수 기계 슈가 파우더 뿌리 마무리 조금씩
1	냉채요리 당기 복잡 조리과정 부담 이밥 두부냉채 추천 장보 필요도 겨자 소스 어우러지 냉채요리 고루 냉장실 보관 숙주 3등분하고 어슷 제거 한입 소금 후춧가루 뿌리 식용유 두르 노릇하 건지 식히 숙주 센불 냉장실 식히 재료 겨자 소스 버무리 마무리
1	파프리카 노릇하 토마토 소스 치즈 끼얹 피자 토마토 소스 어우러지 냄새 오리지널 피자 견주 손색 젓가락 포크 숟가락 떠먹어   토마토 소스 케첩 두르 노릇하 노릇해지 시작 가장 자리 파프리카 토마토 소스 옥수수 뿌리 모차렐라치즈 뿌리 뚜껑 치즈 익히 파슬리 가루 뿌리 마무리
1	쫀득한 아이스크림 포크 걱정 찰떡아이스 얼리 이밥 호두 아이스크림 사용 준비  아이스크림 뿌리 찰떡 한입 펼치 준비 아이스크림 올리 오므리 감싸 냉동실 하루 얼리 마무리
1	수박 산더미 쌓이 수박 껍질 부분 나물 만들 아삭한 노각무침 밥반찬 딱이에요 서양 피클 만들 수박 껍질 부분 필러 벗기 부분 소금 절이 찬물 헹구 제거 대파 수박 껍질 대파 양념장 무치 마무리
1	지치 여름 수분 비타민 충전 수박 레몬 에이 주스 샐러드 챙기 달달한 수박 새콤한 레몬드레싱 여름철 손님 식전 요리 어울리 레몬 베이킹소다 식초 이상 비비 헹구 제거 베이킹소다 식초 비율 맞추 준비 샐러드 채소 얼음 담그 건지 아삭하 준비 수박 한입 냉장실 제거 레몬 겉껍질 벗기 다지 과육 레몬 껍질 레몬 느끼 강판 치즈 그레이 감자 레몬 레몬 제외 재료 다지 레몬 껍질 수박 샐러드 채소 버무리 마무리
1	수박 궁합 생각 당도 부족 수박 더위 타파 과일 빙수 완성 긴가민 맛보 에디터 메뉴 테스트 점수 수박 빙수 거예요 수박 껍질 제거 얼리 얼리 수박 절반 빙수 수박 빙수 기계 슈가 파우더 뿌리 마무리 조금씩
1	생과 아이스 베스트 오브 베스트 토마토셔벗이에요 토마토 얼리 사각사각 사르르~ 맛보 완소 셔벗  토마토 냄비 재료 설탕 끓이 시럽 만들 토마토 꼭지 아랫부분 십자 칼집 굴리 데치 찬물 껍질 토마토 시럽 믹서 거르 냉동실 얼리 숟가락 반복 토마토셔벗 밀폐 용기 냉동실 보관 마무리
1	구수 달큼한 아이 어른 입맛 사로잡 단호 박빙 다이어트 제거 효과 여름 딱이죠 단호 빙수  얼음 단호 제거 껍질 벗기 전자레인지 돌리 익히 익히 단호 주걱 으깬 나머지 재료 인절미 대추 제거 얼음 단호박소스 뿌리 빙수 단팥 대추 인절미 올리 마무리
1	생기 포켓샌드위치 카레 당면 담기 워터 파크 보내  부추 두르 양파 당면 부추 양념장 재료 식빵 올리 밥그릇 누르 가장 자리 정리 마무리
1	배합 양념하 장거리 여행 도시락 딱이에요 신나 공놀이 이젠 초밥볼  슬라이스 버무리 설탕 소금 2숟가락 오목하 뭉치 참치 오므리 손바닥 자르 순서 올리 감싸 모양 고정 마무리
1	정신 아이 포장 튜브 여유  우유식빵 땅콩버터 바르 땅콩버터 바르 식빵 과일 바르 식빵 올리 스트링 치즈 감싸 유산 지로 포장 한입 마무리
1	뜨끈한 녹차 끝나 대표 가정 명란젓 다양 재료 숙취 짬뽕 오차즈케  물 끓이 80℃ 식히 녹차 티백 쪽파 자르 명란젓 바르 녹차 명란젓 후리가케 쪽파 마무리
1	메밀소바하 국물 생각 슴슴하 만들 국물 국물 비우 냉메밀소바예요 만들 쯔유 냉수 만들  오이 가쓰오부시 가라앉 설탕 청주 맛술 간장 끓이 거르 식히 마무리
1	고소 여름 생각나 특선 메뉴 냉콩국수 만들 불리 껍질 우유 생식 약간 견과류 휘리릭 냉콩국수 순식간 완성  우유 얼리 우유 콩국물 만들 찬물 비비 헹구 콩국물 토마토 곁들이 마무리
1	여름 빠지 비빔 국수 얼갈이김치 매콤한 양념 비비 만들 열무 김치 얼갈이비빔밥 즐기  중면 얼갈이김치 한입 자르 만들 냄비 달걀 달걀 잠기 찬물 시작 달걀 껍질 벗기 2등분하고 냄비 찬물 비비 얼갈이김치 양념장 무치 버무리 달걀 올리 마무리
1	살얼음 닭육수 쫄깃한 닭가슴살 아삭한 초계 겨자 건더기 건지 국수 사리 별미  닭가슴살 살얼음 냉동실 어슷 썰어 절이 닭가슴살 적채 닭가슴살 적채 준비 국물 마무리
1	몸보 음식 챙기 여름 조상 지혜 살리 토종 영계 재미 쫄깃한 국물 가족 원기 충전  찹쌀 찹쌀 소금 이상 불리 토종 뱃속 인삼 다듬 대추 사이 사이 제거 껍질 마늘 꼭지 토종 뱃속 불리 찹쌀 대추 인삼 통마늘 다리 아랫 부분 칼집 반대쪽 다리 끼우 냄비 잠기 센불 중약불 줄이 이상 끓이 소금 후춧가루 곁들이 마무리
1	성질 오리고기 내리 원기 보강 여름철 대표 보양식이에요 매콤 달콤한 고추장 양념 버무리 오리고기 익숙지 즐기 만들 오리주물럭 무더위  오리고 두르 양념 채소 센불 깻잎 마무리
1	전복 끓이 내장 다지 참기름 고소 냄새 고이 전복 만들 별미  쌀
1	한여름 늦가을 제철 갈치 조림 최고 중간 갈치 이맘때 별미 고구마 식재료들 여름 가을 재료 들이 얼큰하 즐겨보자고요  무 국물 멸치 중약 끓이 무르 끓이 멸치 건지 양념장 갈치 고구마 중간 끓어오르 중약 줄이 조리 양념 고구마 갈치 대파 고추 끓이 마무리
1	열무 김치 열무 된장국 맛보 모르 생각 들걸요 구수 된장국 열무 식감 어우러지 반하 조화 이루  열무 데치 열무 끓이 열무 대파 붉은고추 끓이 마무리
1	재료 별거 쫄깃쫄깃 할머니 부침개 보이 따르 만들 비결 반죽 반죽 쫄깃하  부추 부추 길이 양파 당근 반죽 부추 당근 양파 만들 달구 식용유 두르 반죽 펼치 노릇하 부치 초간 곁들이 마무리
1	소금 쇠고기 정성 일품 요리 업그레이드할 생채 곁들이 소스 메이 요리 손색 접시 완성 쇠고기 겹치 돌리 요리 스타일 포인트 놓치  영양부추 두르 차돌 박이 부추 사과 양파를 버무리 접시 차돌 박이 겹치 돌리 생채 곁들이 마무리
1	일본식 볶음면요리 야키우동 오동통한 우동 각종 채소 음식인데요 우동 찬장 구석 파스타 만들  스파게티면 두르 마늘 베이컨 마른고추 양배추 시작 소스 스파게티 마무리
1	부들 부들 호박 짭조름한 해물 헤어나 매력 해물된장자글자글이랍니  양파 시작 새우 조갯살 끓이 양파 붉은고추 청양고추 대파 끓이 마무리 호박 껍질 오르 찜기 호박 호박 꺼내 식히 마무리
1	데치 양배추 달큰함 담백 어우러지 일품 요리 육수 자작 익히 고소 땅콩 소스 곁들이 안주  다진 돼지고기 양배추 양배추 다시마 중약 익히 곁들이 마무리
1	돼지고기 입맛 조물조물 양념 양념 어울리 양념 구이 매력 주말 별미  돼지고 목살 만들 돼지고기 잔칼집 돼지고기 양념장 버무리 달구 양념 돼지고기 노릇하 마무리
1	데치 양배추 달큰함 담백 어우러지 일품 요리 육수 자작 익히 고소 땅콩 소스 곁들이 안주  다진 돼지고기 양배추 양배추 다시마 중약 익히 곁들이 마무리
1	쫄깃쫄깃 몰캉몰캉한 꼬막 아삭한 양배추 양파 달콤한 양념 무치 골뱅이 쫄깃하 꼬막 바르 깻잎  꼬막 해감한 비비 헹구 냄비 기포 오르 시작 꼬막 방향 익히 껍질 시작 건지 식히 바르 양배추 양파 깻잎 꼬막살 양념장 버무리 채소 버무리 마무리
1	토마토 베타카로틴 성분 지용 바뀌 기르 조리 토마토 버섯 만들 초간 반찬 소개  새송이버섯 중약 버섯 버섯 시작 토마토 뒤적이 나머지 쪽파 뿌리 마무리
1	다이어트 토마토 익히 방울 토마토 껍질 제거 즐기 샐러드 새콤한 식초드레싱 버무리 여름철 샐러드 제격  방울토마토 칼집 데치 찬물 헹구 껍질 파인애플 재료 버무리 마무리
1	튀일 견과류 박히 기와 모양 프랑스 과자 프라이팬 반죽 포인트 씹히 이밥 튀일 오븐 만들  달걀흰자 두르 키친 타월 줄이 반죽 지르 올리 가장 자리 갈색 뒤집 익히 밀대 기와 모양 식히 마무리
1	고소 쫄깃해 중독 팬케이크 마른과일  찹쌀가루 두르 키친 타월 반죽 올리 뚜껑 앞뒤 노릇하 익히 마무리
1	더위 입맛 보리밥 열무 김치 고추장 비비 보리밥 열무 김치 어울리 양푼 비비 즐거움  열무김치 열무 양파 쪽파 버무리 마무리
1	크레이프 달콤한 바나나 초코칩 크레이프 뚝딱 완성 생크림 과일 크레이프 만들  바나나 두르 키친 타월 코팅 반죽 올리 부치 노릇하 부치 크레이프 식히 휘핑한 생크림 바나나 초코칩 슬라이스 아몬드 마무리
1	여름철 생각나 시원 오징어물회 신선 오징어 채소 얼음 띄우 거예요  다시마 채소 돌리 오징어 국물 마무리
1	볶음밥 달걀 케첩 완성 홈메이드 오므라이스 재료 양념 바꾸 변신 매콤한 어른 입맛 냉장고 다양 채소 다지 샐러드 곁들이 즐기  가지 두르 달걀 익히 이상 중앙 양쪽 가장 자리 달걀 모양 만들 뒤집 마무리
1	더워지 국물 만들 국물 천상 한국인 냉국 입맛 돋우 혈중 콜레스테롤 낮추 효과  가지 무침 쪽파 통깨 얼음 마무리
1	입맛 살리 새콤달콤한 양념장 미나리 쫄깃한 버섯 조물조물 무치 밑반찬 따뜻 비비 구수 된장국 곁들이  미나리 표고버섯 애느타리버섯 데치 건지 찬물 헹구 만들 양념장 버섯 버무리 미나리 버무리 미나리 버섯 무침 올리 참깨 뿌리 마무리 À
1	된장 돼지고기 미트 소스 겹겹 모차렐라치즈 마무리 숟가락 몽글몽글 씹히 돼지고기 말랑말랑하 고소 치즈 노릇노릇하 모양 손님 어울리  다진 돼지고기 오븐 용기 돼지고기볶음 층층 치즈 뿌리 200℃ 예열한 오븐 마무리
1	채우 접시 부르 영국식 아침식사 종류 데우 잉글리시 브렉퍼스트 영국 기분 느끼  토마토 두르 달걀 프라이 칼집 베이컨 노릇하 키친 타월 통조림 데우 통조림 토마토 소스 대형마트 구입 토마토 어린잎채소 드레싱 버무리 재료 접시 마무리 취향 따르 토스트 버터 곁들이
1	청양고추 입맛 당기 닭갈비 만들 깻잎 당면 사리 전문 요리 즐기  양파 두르 닭가슴살 양파 당면 고구마 달콤 당면 깻잎 뒤적이 마무리
1	비교 돼지 등뼈 햇감자 저녁식사 준비 불리 백태 국물 영양 듬뿍이에요  백태 끓이 마무리 깻잎
1	한입 알감자 매콤 달콤한 고추장 양념 버무리 껍질째 조리 도시락 반찬 우리집 밑반찬  알감자 두르 알감자 센불 껍질 쭈글쭈글해질 중약 줄이 양념장 호두 통깨 뿌리 마무리
1	밀가루 반죽 도우 만들 부담 햇감자 감자 양파 피망 모양 만들 치즈 토핑 감자채피자 완성 달걀 프라 올리 식사  감자 소금 후춧가루 마무ë¦à
1	동의보감 따르 장어 오장육부 보하 식품 체질 양념 장어 소화 생강 곁들이 보양 음식  손질된 장어 장어 2~3등분하 재우 키친 타월 장어 식용유 두르 장어 오르 찜통 자르 생강 찬물 헹구 쪽파 재료 줄이 줄어들 졸이 달구 장어 중불 양념장 바르 한입 장어 생강 쪽파 마무리
1	장어 가격 부담 요리 재료 몸보신 깐풍기 만들 장어  손질한 장어 두르 마늘 생강 붉은고추 볶다가 끓이 장어 풋고추 참기름 버무리 마무리
1	햇양파 아삭아삭 달큰한 일품 양파 장아찌 한동안 반찬 걱정 양파 장아찌 간장 샐러드 채소 활용  햇양파 햇양파 껍질 십자 끓이 절임물 양파 식히 뚜껑 반나절 실온 냉장 보관
1	도토리묵 무침 재료 바꾸 반찬 탄생 깻잎 치커리 잎채소 담백 두부 어울리  두부 데치 식히 한입 상추 양파 채소 양념장 버무리 마무리
1	영양 고소 콩가루 부추 묻히 찜통 부추 거짓 양념장 버무리 웰빙 반찬 완성  부추 부추 흔들 부추 콩가루 입히 오르 찜통 면포 중간 부추 양념장 버무리 마무리
1	부담 다이어트 안성맞춤 토마토 마늘 매콤한 어울리  방울토마토 칼집 크림 치즈 채우 마늘 10cm 길이 준비 방울 토마토 마늘 만들 바질 장식 발사믹드레싱 곁들이 마무리
1	밑반찬 재료 바꾸 양념 메뉴 탄생 반하 참외 느끼 달콤 아삭하 매콤한 양념 덕분 비빔밥 국수 올리  참외 참외 속씨 쪽파 참외 무치 쪽파 버무리 마무리
2	쿠키 반죽 바닐라 초코쿠키 모양 만들 보람 즐거움 감동 쿠키 쿠키 오르 아몬드 쿠키 고소 식감    버터 달걀 실온 상태 냉장고 꺼내 이상    쿠키 유산지    오븐 180℃ 예열한다 실온상태 버터 핸드 믹서 거품 단계 상태 슈가 파우더 바닐라설탕 소금 나누 버터 섞이 핸드 믹서 거품 단계 휘핑한다 달걀 노른자 핸드 믹서 거품 단계 휘핑해 크림 상태 만들 반죽 ½씩 나누 박력 100g 박력 코코아 가루 내리 가루 보이 실리콘 주걱 반죽 비닐봉투 누르 반죽 덩어리 뭉치 다음 냉장고 휴지 바닐라반죽 초코 반죽 각각 반죽 가로*세 6*20cm 직사각형 자르 준비 기본 반죽 바르 초코 반죽 올리 반죽 바르 아몬드분태 올리 반죽 냉장고 이상 휴지 냉장고 휴지 반죽 꺼내 0.5cm 두께 유산지 쿠키 일정 올리 180℃ 예열한 오븐
2	마들렌 레몬 곁들이 만들 경우 유자 마들렌 소개 마들렌 겨울철 선물용 아이템    달걀 실온    버터 전자레인지    오븐 170℃ 예열한다 실온 상태 달걀 손거품기 설탕 소금 바닐라설탕 손거품기 유자 손거품기 박력 아몬드가루 베이킹파우더 내리 손거품기 녹인버터 손거품기 씌우 냉장고 하루 휴지 마들렌 철판이형제 바르 반죽 짤주머니 마들렌 170℃ 예열한 오븐
2	겨울 유자 생각나 계절 만들 쿠키 유자 유자 쿠키 만들    버터 달걀 실온 상태 냉장고 꺼내 이상    호두 다지 준비    쿠키 유산지    오븐 180℃ 예열한다 실온상태 버터 핸드 믹서 거품 단계 상태 유자 바닐라설탕 버터 섞이 핸드 믹서 거품 단계 휘핑한다 달걀 노른자 핸드 믹서 거품 단계 휘핑해 크림 상태 만들 박력 베이킹파우더 내리 실리콘 주걱 다지 호두 실리콘 주걱 반죽 숟가락 유산지 쿠키 모양 올리 180℃ 예열한 오븐
2	장미 쿠키 슈가 파우더 딸기 파우더 달콤한 딸기 쿠키 가나슈 샌딩되 달콤 즐기 마음 쿠키 선물 투톤로즈쿠키 만들    버터 달걀 실온 상태 냉장고 꺼내 이상    쿠키 유산지    오븐 180℃ 예열한다 실온상태 버터 핸드 믹서 거품 단계 상태 슈가 파우더 바닐라설탕 소금 나누 버터 섞이 핸드 믹서 거품 단계 휘핑한다 달걀 핸드 믹서 거품 단계 휘핑해 크림 상태 만들 박력 체쳐 실리콘 주걱 반죽 ½ 나누 딸기 파우더 체쳐 내리 실리콘 주걱 장미 모양 끼우 짤주머니 반죽 딸기 반죽 유산지 쿠키 모양 예열한 180℃오븐 냄비 생크림 중불 올리 냄비 가장 자리 끓어오르 내리 다크커버처 초콜릿 실리콘 주걱 완성 초코크림 실온 식히 완성 가나슈크림 바르 쿠키 붙이 완성
2	시나몬 가루 날씨 어울리 베이킹 재료 날씨 따뜻 커피 한잔 즐기 시나몬롤 쿠키 모양 선물 하기 아이템    버터 플레인 요구르트 실온 상태 냉장고 꺼내 이상    쿠키 유산지    오븐 180℃ 예열한다 실온상태 버터 핸드 믹서 거품 단계 상태 설탕 바닐라설탕 소금 조금씩 핸드 믹서 거품 단계 휘핑한다 실온상태 플레인 요구르트 핸드 믹서 거품 휘핑해 크림 상태 만들 박력 베이킹파우더 내리 실리콘 주걱 뭉치 반죽 냉장고 휴지 휴지 반죽 장식용 설탕 시나몬가루 반죽 뿌리 반죽 공간 반죽 비닐 냉장고 이상 휴지 냉장고 휴지 반죽 꺼내 두께 유산지 쿠키 일정 올리 180℃ 예열한 오븐
2	겨울 달래 유자 유자 따뜻 즐기 방법 알리 방법 유자 롤케이크 따뜻 커피 유자 달콤 롤케이크 즐기    달걀 노른자 분리    롤케이크팬 유산지    냄비 시럽 설탕 끓이 식히 럼주 시럽 완성    오븐 180℃ 예열한다 달걀 핸드 믹서 거품 단계 휘핑하다 거품 설탕 바닐라설탕 조금씩 윤기 머랭 휘핑한다 유자생크림 스페츌러 시트 바르 시트 둥글리 다음 유산지 냉장고 식히
2	겨울 알리 향기 로운 유자 겨울철 제철 과일 비타민 유자 즐기 식사 대용 비스켓 유자 크랜베리 주말 만들 유자베리스콘 만들    쿠키 유산지    오븐 180℃ 예열한다 푸드 프로세서 강력 박력 베이킹파우더 설탕 바닐라설탕 버터 깍둑썰기하 고슬고슬한 상태 푸드 프로세서 유자 고슬고슬한 상태 반죽 뭉치 푸드 프로세서 크랜베리 뭉치 반죽 비닐 올리 누르 반죽 뭉치 뭉치 반죽 냉장고 휴지 휴지 반죽 지르 원형커터 반죽 다음 유산지 올리
2	제과점 에클레어 접하 에클레어 모양 사랑 과자 빼빼로데이 맞이 만들 에클레어 소개 커스터드 크림 초코크림 채우 즐기    버터 반죽 달걀 실온 이상    쿠키 유산지    오븐 200℃ 예열한다 냄비 버터 소금 다음 중불 버터 끓어오르 끓이 내리 다음 내리 박력 내리 반죽 뭉치 실리콘 주걱 덩어리 만들 냄비 중불 올리 앞뒤 반죽 반죽 옮기 식히 반죽 달걀 섞이 핸드 믹서 반죽 단계 반죽 끼우 짤주머니 반죽 유산지 쿠키 10~15cm 반죽 표면 스프레이 뿌리 달걀 바르 포크 무늬 200℃ 예열한 오븐 식힘망 식히 중탕한 초콜릿 완성 에클레어 ⅔부분 코팅한다 초콜릿 장식용 피스타치오 헤즐넛 딸기다이스 장식
2	사랑 우정 나누 빼빼로데이날 빼빼로 만들 모양 빼빼로 만들 아이 친구 추억 나누 일회용 짤주머니 가나슈크림 밀크쉘 화이트쉘 크림 채우 빼빼로스틱 냉장고 굳히 중탕 녹이 장식용 초콜릿 녹이 초코펜 커버 초콜릿 붙이 만들 초코펜 그리 완성
2	식감 바삭한 그리 연필 모양 이탈리아 발효과정 속하 과자 바삭하 크래커 고소 식감 그리 담백 수프 요리 곁들이 즐기    쿠키 유산지    오븐 220℃ 예열한다 강력 통밀가루 내리 소금 드라이 이스트 35℃ 따뜻 다음 핸드 믹서 반죽 단계 반죽 재료 섞이 버터 반죽 반죽 상태 반죽 뭉치 45℃ 따뜻 중탕한 다음 씌우 발효 반죽 부풀 주먹 누르 가스 저울 반죽 20g씩 분할 각각 반죽 둥글리 다음 면보 씌우 중간 발효 반죽 손바닥 굴리 50cm 길이 막대 모양 늘이 따뜻 발효 예열한 220℃ 오븐
2	초콜릿 디저트 기분 경우 입안 채우 초콜릿 케이크 만들 머리 달콤 채우 초콜릿 케이크 기분 시키    버터 달걀 실온    정사각틀 쿠키 유산지    오븐 180℃ 예열한다 실온 상태 버터 핸드 믹서 거품 단계 상태 흑설탕 바닐라 설탕 소금 상태 핸드 믹서 거품 단계 휘핑한다 달걀 휘핑해 크림 상태 중탕하 다크커버처 초콜릿 상태 핸드 믹서 거품 단계 휘핑한다 박력 베이킹파우더 내리 실리콘 주걱 생크림 실리콘 주걱 유산지 정사각틀 반죽 윗면 다음 180℃ 오븐 완성 케이크 케이크 분리 식힘망 식히 냄비 생크림 중불 올리 냄비 가장 자리 끓어오르 내리 다크커버처 초콜릿 실리콘 주걱 초콜릿 버터 실리콘 주걱 완성 초콜릿 케이크 가나슈 초코칩 피칸 장식
2	빼빼로데 다양 빼빼로 만들 선물 하기 들이 기본 넛트빼빼로 만들 빼빼로 즐기 다양 풍성 빼빼 데이 즐기 있을거예요 다크 밀크 화이트 코팅 초콜릿 중탕 11cm 빼빼 스틱 중탕 녹이 초콜릿 묻히 다크코팅용 초콜릿 아몬드분태 묻히
2	달콤한 초콜릿 푸딩 과자 소개 드리 푸딩 초콜릿 아이 간식 거리 캐러맬 소스 디저트 초콜릿 푸딩 디저트 만들 달콤한    다크커버처 초콜릿 중탕 녹이 준비    바닐라빈 준비    중탕용 직사각틀 60~70℃ 따뜻    오븐 100℃ 예열한다 냄비 적시 다음 냄비 설탕 중불 올리 끓이 가장 자리 갈색 변하 잔열 카라맬 냄비 돌리 캐러맬 소스 완성 달걀 달걀 노른자 손거품기 설탕 바닐라설탕 손거품기 냄비 우유 생크림 준비 바닐라빈 바닐라빈 중불 올리 냄비 가장 자리 끓어오르 내리 다크커버처 초콜릿 실리콘 주걱 중탕용 푸딩 100℃ 예열한 오븐
2	소개 드리 쿠키 화이트 커버 초콜릿 달콤 쫄깃한 식감 초코칩쿠키입니 호두 피칸 견과류 레시피 활용 쿠키    달걀 버터 실온 상태 냉장고 꺼내 이상    쿠키 유산지    오븐 180℃ 예열한다 실온상태 버터 핸드 믹서 거품 단계 상태 흑설탕 설탕 바닐라설탕 소금 조금씩 핸드 믹서 거품 단계 휘핑한다 실온상태 달걀 노른자 핸드 믹서 거품 휘핑해 크림 상태 만들 박력 베이킹파우더 내리 실리콘 주걱 중탕하 화이트 커버 초콜릿 초코칩 마카다미아 실리콘 주걱 반죽 숟가락 유산지 쿠키 모양 올리 윗면 초코칩 마카다미아 장식 올리 180℃ 예열한 오븐
2	소개 드리 레시피 식감 카스테라 초콜릿 마블되 카스테라입니 식감 달콤 느끼 카스테라 만들 초코라떼 즐기 느끼 꺼예요    달걀 노른자 분리 노른자 실온상태 보관    박력 내리    버터 중탕 녹이 우유 준비    카스테라틀 유산지    다크커버처 초콜릿 중탕 녹이 준비    오븐 170℃ 예열한다 달걀 핸드 믹서 거품 단계 거품 거품 설탕 바닐라설탕 핸드 믹서 거품 단계 머랭 상태 휘핑한다 달걀 노른자 핸드 믹서 거품 단계 휘핑해 크림 상태 내리 박력 내리 다음 실리콘 주걱 녹이 버터 데우 우유 럼주 실리콘 주걱 중탕 녹이 준비 다크커버처 초콜릿 마블 만들 유산지 카스테라틀 반죽 스크래퍼 표면 정리 180℃ 예열한 오븐 냄비 우유 중불 올리 설탕 끓어오르 시작 내리 다지 다크커버처 초콜릿 실리콘 주걱 녹이 초코라떼 완성
2	오븐 할로윈데 파티 장식 초콜릿 한입 만들 할로윈데 파티 만들   화이트 커버 초콜릿 자르 냄비 생크림 가장 자리 끓어오르 가열 다음 화이트 커버 초콜릿 일회용 짤주머니 화이트 가나슈 실온 상태 식히 준비 화이트 트러플 피스타치오 붙이 호박 꼭지 만들 초코펜 얼굴 그리 장식
2	쫄깃한 식감 식빵 코코아 홈베이킹 묘미 식빵 맛보 따뜻 코코아 식빵 버터 곁들이 달콤 매력 빠지 힘들 거예요    버터 실온 상태 냉장고 꺼내 이상    강력 내리    우유 35℃ 데우    식빵 철판이형제 바르    오븐 190℃ 예열한다 강력 코코아 가루 설탕 소금 탈지분유 드라이 이스트 35℃ 데우 우유 다음 핸드 믹서 반죽 단계 반죽 재료 섞이 버터 반죽 반죽 상태 초코칩 반죽 뭉치 45℃ 따뜻 중탕한 다음 씌우 발효 반죽 부풀 주먹 누르 가스 저울 반죽 3등분 각각 반죽 둥글리 다음 면보 씌우 중간 발효 반죽 모양 타원형 반죽 양옆 ⅓씩 반죽 세로 잡아당기 부분 터지 손끝 나머지 반죽 방법 만들 반죽 식빵 면보 씌우 따뜻 발효 190℃ 예열한 오븐
2	가을철 홍시 별미 가을철 달콤한 홍시 무스 케이크 활용 완성 가을 어울리 케이크 레시피 거예요    바닐라 시트 자르 준비    홍시 푸드 프로세서 준비    장식용 판젤라틴 사용 찬물 불리 판젤라틴 찬물 불리 준비 홍시 설탕 레몬 손거품기 불리 준비 판젤라틴 제거 전자레인지 돌리 녹이 손거품기 생크림 핸드 믹서 거품 단계 소프트 아이스크림 상태 거품 장식
2	고급 디저트 즐기 방법 소개 캐러맬 달콤 고소 견과류 고급 연출    건조크랜베리 건조 블루 베리 럼주 담구 준비    생크림 준비 냄비 적시 다음 냄비 설탕 물엿 중불 올리 끓이 가장 자리 갈색 변하 따뜻 생크림 조금씩 실리콘 주걱 견과류 건과 실리콘 주걱 준비 시판용 필링 올리 완성
2	쫄깃한 식감 향기 풍기 찹쌀 케이크 호두 고소 어른 찹쌀 케이크 만들 도전    달걀 실온 이상    찹쌀가루 베이킹파우더 내리    호두 다지    원형 유산지    오븐 180℃ 예열한다 달걀 손거품기 설탕 바닐라설탕 소금 나누 손거품기 데우 생크림 우유 손거품기 찹쌀가루 베이킹파우더 실리콘 주걱 가루 보이 호두 실리콘 주걱 유산지 원형 반죽 180℃ 예열한 오븐
2	달콤 쌉싸름한 코코아 만들 마들렌 날씨 따뜻 우유 아이템 달콤한 바나나 만들 코코아 우유 코코아 파우더 즐기 방법 거예요    달걀 실온    버터 전자레인지    마들렌틀 철판이형제 바르    오븐 170℃ 예열한다 실온 상태 달걀 손거품기 설탕 손거품기 박력 아몬드가루 코코아 가루 베이킹파우더 내리 손거품기 녹인버터 손거품기 씌우 냉장고 하루 휴지 철판이형제 바르 마들렌틀 숟가락 반죽 170℃ 예열한 오븐 바나나 코코아 우유 우유 바나나 코코아 가루 내리 믹서
2	즐기 방법 바삭한 타르트 즐기 베이킹 레시피 소개 쏙쏙박힌 모양 보이 단감타르트 만들 풍성 가을 즐기    버터 달걀 실온상태 냉장고 꺼내 이상    타르트틀 철판이형제 바르    오븐 180℃ 예열한다 실온 상태 버터 핸드 믹서 거품 단계 상태 슈가 파우더 바닐라설탕 소금 조금씩 버터 섞이 핸드 믹서 거품 단계 실온 상태 달걀 노른자 핸드 믹서 거품 휘핑해 크림 상태 만들 박력 내리 실리콘 주걱 완성 반죽 비닐 누르 반죽 덩어리 뭉치 냉장고 휴지 휴지 반죽 다음 철판이형제 바르 타르트틀 손끝 누르 채우 냉장고 휴지 포크 바닥 구멍 180℃ 예열한 오븐 판젤라틴 찬물 10분정 불리 우유 박력 체쳐 손거품기 냄비 냄비 실리콘 주걱 실리콘 주걱 타르트 재료 스크래퍼 표면 정리
2	바람 따뜻 커피 한잔 브런치 즐기 여유 날씨 브런치 메뉴 만들 스콘 소개 견과류 크림 치즈 즐기 메이플스콘 도전 여유 즐기    넛트스프레드 견과류 다지 준비    쿠키 유산지    오븐 180℃ 예열한다 푸드 프로세서 강력 베이킹파우더 바닐라설탕 소금 버터 깍둑썰기하 고슬고슬한 상태 푸드 프로세서 메이플시럽 우유 생크림 반죽 뭉치 반죽 비닐 올리 건포도 호두 누르 반죽 뭉치 뭉치 반죽 냉장고 휴지 휴지 반죽 지르 원형커터 반죽 다음 유산지 올리 달걀 노른자 반죽 표면 바르 180℃ 예열한 오븐 크림 치즈 핸드 믹서 거품 단계 상태 메이플시럽 다지 준비 견과류 휘핑한다
2	팬케이크 아이 간식 거리 아몬드 슬라이스 올리 살리 팬케이크 만들 시나몬향 버터 크림 메이플시럽 어우러지 팬케이크 어울리 달콤 아이 입맛 사로잡 거예요    달걀 실온상태 준비    반죽 버터 녹이 준비    버터시나몬스프레드용 버터 실온 이상 달걀 손거품기 설탕 바닐라설탕 소금 손거품기 생크림 우유 손거품기 박력 베이킹파우더 내리 손거품기 녹이 준비 버터 손거품기 기르 두르 반죽 일정량 아몬드슬라이스 올리 앞뒤 노릇하 버터 핸드 믹서 거품 단계 상태 연유 생크림 계핏가루 핸드 믹서 거품 단계 휘핑한다
2	채소 영양 채소크래커 당근 색감 버터 올리브유 사용 야채 어울리 담백 과자 완성 아이 안주 채소크래커 만들 바삭한 만들    당근 양파 다지 제거 준비    쿠키 유산지    오븐 160~170℃ 예열한다 올리브유 설탕 소금 손거품기 다지 제거 당근 양파 손거품기 박력 베이킹파우더 체쳐 내리 실리콘 주걱 가루 80%정 섞이 파슬리 가루 실리콘 주걱 바닥 비닐 밀가루 뿌리 다음 반죽 밀가루 뿌리 비닐 밀어편다 반죽 원형 쿠키 밀가루 묻히 모양 유산지 쿠키 반죽 일정 올리 포크 반죽 구멍 160~170℃ 예열한 오븐
2	양파 채썰 아이 음식 재료 달콤한 재미있 식재료 양파 양파 만들 양파 달콤한 매력    양파 다지 준비    쿠키 유산지    오븐 180℃ 예열한다 강력 소금 드라이 이스트 제빵 개량 35℃ 따뜻 우유 양파갈은물 다음 핸드 믹서 반죽 단계 반죽 재료 섞이 올리브유 핸드 믹서 반죽 반죽 반죽 상태 반죽 뭉치 45℃ 따뜻 중탕한 다음 씌우 발효 반죽 부풀 주먹 누르 가스 저울 반죽 60g씩 분할 해서 둥글리 다음 면보 씌우 중간 발효 다지 양파 후라이팬 소금 후춧가루 양파 반죽 올리 피자 치즈 뿌리 따뜻 2차발효 시키 180℃ 예열한 오븐
2	안토시안 색소 관심 블루 베리 쿠키 보라색 인상 쿠키 씹히 블루 베리 즐기 쿠키 블루 베리 어울리 견과류 반죽 생각 쿠키 지인 나누    버터 달걀 실온 상태 냉장고 꺼내 이상    오븐 180℃ 예열한다 실온상태 버터 핸드 믹서 거품 단계 슈가 파우더 바닐라설탕 소금 나누 조금씩 상태 핸드 믹서 거품 단계 휘핑한다 실온 상태 달걀 노른자 핸드 믹서 거품 단계 크림 상태 휘핑한다 박력 아몬드가루 내리 실리콘 주걱 가루 보이 반죽 2등분 블루 베리 파우더 내리 가루 보이 실리콘 주걱 반죽 비닐봉투 누르 반죽 덩어리 뭉치 다음 냉장고 휴지 기본 반죽 블루 베리 반죽 기본 반죽 블루 베리 반죽 올리 블루 베리 반죽 건조 블루 베리 올리 공간 반죽 비닐 냉장고 이상 휴지 시키 냉장고 휴지 반죽 꺼내 두께 유산지 쿠키 일정 올리 180℃ 예열한 오븐
2	리치한 치즈프로스팅 오르 당근머핀 올리브유 느끼 어울리 머핀이랍니 크림 치즈 마음 양보    달걀 크림 치즈 실온 상태 냉장고 꺼내 이상    당근 채칼 다음 제거    호두 다지    머핀팬 유산지    오븐 180℃ 예열한다 달걀 손거품기 흑설탕 나누 조금씩 손거품기 올리브유 계핏가루 내리 손거품기 박력 베이킹파우더 내리 실리콘 주걱 채칼 당근 다지 호두 실리콘 주걱 유산지 머핀틀 반죽 180℃ 예열한 오븐 식힘망 식히 실온 상태 크림 치즈 핸드 믹서 거품 단계 상태 다음 설탕 핸드 믹서 거품 단계 휘핑한다 플레인 요구르트 핸드 믹서 거품 단계 스패츌러 머핀 윗면 아이싱한다
2	버터링쿠키 홍차 홍차 쿠키 홍차버터링쿠키 홍차 초콜릿 어울리 조화 초콜릿 피스타치오 뿌리 가을 분위기 어울리 홍차 쿠키 따뜻 우유 즐기    버터 달걀 실온 상태 냉장고 꺼내 이상    오븐 180℃ 예열한다 실온상태 버터 핸드 믹서 거품 단계 설탕 바닐라설탕 소금 나누 조금씩 상태 핸드 믹서 거품 단계 휘핑한다 실온 상태 달걀 노른자 핸드 믹서 거품 단계 크림 상태 휘핑한다 박력 내리 실리콘 주걱 가루 보이 홍차 가루 별모양깍지 끼우 짤주머니 반죽 유산지 쿠키 모양 180℃ 오븐 완성 쿠키 식힘망 올리 식히 중탕 녹이 다크커버처 초콜릿 쿠키 코팅한다 초콜릿 다지 피스타치오 올리 장식
2	사과 사과 매력 케이크 소개 아삭거리 사과 계피 느끼 케이크 베이킹하 계절 가을 탐스러운 애플 케이크 만들    아몬드크림용 버터 달걀 실온 이상    호두 자르    원형 케이크 유산지    오븐 170℃ 예열한다 냄비 저미 사과 레몬 설탕 계핏가루 식히 사과 수분 경우 거르 반죽 실온 상태 버터 핸드 믹서 거품 단계 상태 설탕 바닐라설탕 소금 다음 조금씩 상태 핸드 믹서 거품 단계 휘핑한다 달걀 나누 휘핑해 크림 상태 박력 베이킹파우더 내리 실리콘 주걱 준비 호두 실리콘 주걱 유산지 원형 실리콘 주걱 반죽 실리콘 주걱 윗면 케이크 표면 끓이 살구 빵솔 바르
2	고소 통헤즐넛 장식 만들 헤즐넛쿠키 소개 드리 모양 남녀노소 쿠키 나르 커피 헤즐넛쿠키 날리 감사 마음 선물 하기 쿠키    달걀 버터 실온 상태 냉장고 꺼내 이상    쿠키 유산지    오븐 180℃ 예열한다 실온 상태 버터 핸드 믹서 거품 단계 상태 설탕 소금 나누 핸드 믹서 거품 단계 계핏가루 레몬 껍질 핸드 믹서 거품 단계 달걀 노른자 핸드 믹서 거품 단계 휘핑한다 박력 아몬드가루 내리 실리콘 주걱 반죽 비닐 원기둥 모양 만들 다음 냉장고 이상 휴지 달걀 핸드 믹서 거품 단계 거품 설탕 조금씩 거품 핸드 믹서 거품 단계 휘핑한다 아몬드가루 내리 실리콘 주걱 원형깍지 끼우 짤주머니 머랭 통헤즐넛 올리 장식 180℃ 예열한 오븐 식힘망 식히
2	아몬드크림 느끼 고소 달콤 가을 타르트 완성 가을 선물 만들 타르트 선물 아이템 밤타르트 만들 풍성 가을 나누    아몬드크림용 버터 달걀 실온 이상    타르트틀 철판이형제 바르    오븐 180℃ 예열한다 푸드 프로세서 박력 체쳐 내리 설탕 바닐라설탕 소금 푸드 프로세서 찬물 버터 깍둑썰기 반죽 완성 반죽 비닐 누르 반죽 덩어리 뭉치 냉장고 휴지 휴지 반죽 0.3cm 철판이형제 바르 타르트틀 손끝 누르 채우 포크 바닥 구멍 180℃ 예열한 오븐 다음 식힘망 식히 마롱페이스트 생크림 조금씩 핸드 믹서 거품 단계 휘핑한다 럼주 휘핑한다 버터 핸드 믹서 거품 단계 상태 슈가 파우더 바닐라설탕 나누 버터 섞이 핸드 믹서 거품 단계 휘핑한다 달걀 핸드 믹서 거품 단계 휘핑해 크림 상태 만들 아몬드가루 박력 내리 실리콘 주걱 럼주 완성 아몬드크림 채우 표면 정리 보늬밤 자르 올리 다음 180℃ 예열한 오븐
2	추억 고구마 케이크 식이 섬유소 제철 고구마 기억 고구마 케이크 만들 크림 달콤한 고구마 간식 거리    달걀 실온 상태 냉장고 꺼내 이상    고구마 껍질 준비    냄비 설탕 끓이 럼주 시럽 완성    원형 유산지    무스 무스 두르    오븐 180℃ 예열한다 달걀 핸드 믹서 거품 단계 휘핑해 거품 거품 일어나 설탕 바닐라설탕 나누 휘핑한다 반죽 올리 되직하 떨어지 리본 모양 겹치 완성 핸드 믹서 거품 단계 기포 정리 박력 옥수수 전분 베이킹파우더 내리 실리콘 주걱 유산지 원형 반죽 채우 180℃ 오븐 시트 빵칼 시트 자르 시트 윗면 시럽 바르 준비 고구마 으깨 커스타드크림 핸드 믹서 거품 단계 휘핑한다 생크림 조금씩 핸드 믹서 거품 휘핑한다 무스 두르 무스 시트 케이크 윗면 옆면 붙이 피스타치오 고구마 케이크 장식
2	스콘 담백 커피 우유 즐기 메뉴 스콘 통밀 고소 윗면 만들 캐러맬 올리 고급 추가 캐러맬 달콤 쌉싸름한 가미 아메리카노 즐기 캐러맬넛트스콘 위하 스콘만들기 도전    쿠키 유산지    오븐 180℃ 예열한다 냄비 적시 다음 냄비 설탕 중불 올리 끓이 가장 자리 갈색 변하 따뜻 생크림 조금씩 실리콘 주걱 캐러맬 만들 식히 푸드 프로세서 강력 박력 통밀가루 베이킹파우더 소금 다음 버터 깍둑썰기하 고슬고슬한 상태 푸드 프로세서 캐러맬 생크림 반죽 뭉치 반죽 비닐 올리 호두 마카다미아 피스타치오 누르 반죽 뭉치 다음 냉장고 휴지 휴지 반죽 다음 지르 원형커터 반죽 다음 유산지 180℃ 예열한 오븐
2	불포화지방산 함유 피부미용 성분 항산화 작용 노화 견과류 알리 타르트 아몬드크림 커스타드크림 필링 조화 어울리 잣타르트 기존 타르트 원하 잣타르트 도전 어떨까요    버터 달걀 실온 이상    타르트틀 철판이형제 바르    오븐 180℃ 예열한다 버터 핸드 믹서 거품 단계 상태 슈가 파우더 바닐라설탕 소금 조금씩 버터 섞이 핸드 믹서 거품 단계 휘핑한다 실온상태 달걀 노른자 핸드 믹서 거품 휘핑해 크림 상태 만들 박력 내리 실리콘 주걱 완성 반죽 비닐 누르 반죽 덩어리 뭉치 냉장고 휴지 휴지 반죽 0.3cm 철판이형제 바르 타르트틀 손끝 누르 채우 포크 바닥 구멍 180℃ 예열한 오븐 다음 식힘망 식히 커스터드크림용 우유 박력 거르 냄비 냄비 중불 올리 누르 실리콘 주걱 끓이 설탕 보글보글 끓이 다음 내리 달걀 노른자 실리콘 주걱 완성 커스터드크림 공기 표면 밀착 냉장고 식히 아몬드크림용 버터 핸드 믹서 거품 단계 상태 슈가 파우더 바닐라설탕 핸드 믹서 거품 휘핑한다 실온상태 달걀 아몬드가루 핸드 믹서 거품 단계 휘핑한다 아몬드 크림 올리 올리 170℃ 예열한 오븐
2	마론위 올리 시트 둥글리 다음 유산지 냉장고 식히
2	키쉬 식사 대용 파이 감자 키쉬 준비 브런치 손색 키쉬 만들 여유    준비    타르트틀 철판이형제 바르    오븐 180℃ 예열한다 푸드 프로세서 박력 달걀 노른자 소금 버터 깍둑썰기하 단계 돌리 재료 섞이 찬물 돌리 반죽 뭉치 비닐봉투 냉장고 이상 휴지 휴지 반죽 0.3cm 철판이형제 바르 타르트틀 손끝 누르 채우 포크 바닥 구멍 180℃ 예열한 오븐 준비 감자 베이컨 자르 준비 필링 피자 치즈 파슬리 가루 뿌리 180℃ 예열한 오븐
2	백앙금 달콤 아몬드가루 고소 상투 과자 만들 즐기 간식 거리 상투 과자 구리 알리 상투 모양 상투 과자 불리우 시작 변화무쌍 상투 과자 만들    백앙금 실온상태 준비    쿠키 유산지    짤주머니 준비    오븐 180℃ 예열한다 실온 상태 팥앙금 핸드 믹서 거품 단계 상태 아몬드가루 덩어리 지지 내리 생크림 물엿 핸드 믹서 거품 단계 되직한 상태 반죽 완성 반죽 3등분 녹차 가루 백년초가루 호박 가루 내리 핸드 믹서 거품 반죽 완성 모양깍지 끼우 짤주머니 각각 반죽 유산지 상투 모양 만들 각각 반죽 다음 180℃ 예열한 오븐
2	달콤한 보늬밤 파운드케이크 식감 고급 자랑 케이크 파운드케이크 선물용 아이템 추석 만들 파운드케이크 선물 보시는건 어떠세요    버터 달걀 우유 실온 상태 냉장고 꺼내 이상    파운드케이크틀 철판이형제 바르    오븐 180℃ 예열한다 실온 상태 버터 핸드 믹서 거품 단계 상태 메이플시럽 바닐라 설탕 상태 핸드 믹서 거품 단계 휘핑한다 달걀 휘핑해 크림 상태 밤페이스트 상태 핸드 믹서 거품 단계 휘핑한다 박력 아몬드가루 베이킹파우더 내리 실리콘 주걱 우유 실리콘 주걱 반죽 윗면 다음 준비 보늬밤 예열한 170℃ 오븐
2	견과류들 반란 견과류 캐러맬 타르트 올리 캐러맬 견과류 고소 극대화 타르트 맛보 견과류 즐기 느끼 거예요    버터 달걀 실온 이상    타르트틀 철판이형제 바르    오븐 180℃ 예열한다 버터 핸드 믹서 거품 단계 상태 슈가 파우더 바닐라설탕 소금 조금씩 버터 섞이 핸드 믹서 거품 단계 휘핑한다 실온상태 달걀 노른자 인스턴트 커피 타르트 속재료 완성
2	고소 호두 달콤한 백앙금 어울어지 밤과 식감 어른 간식 거리 고소 담백 밤과 만들 보람 아이템 추석 선물용 손색 밤과 만들 마음 선물 준비    버터 달걀 실온 상태 냉장고 꺼내 이상    쿠키 유산지    오븐 170℃ 예열한다 실온 상태 버터 핸드 믹서 거품 단계 상태 설탕 핸드 믹서 거품 단계 휘핑한다 실온상태 달걀 핸드 믹서 거품 휘핑해 크림 상태 만들 물엿 연유 핸드 믹서 거품 박력 아몬드가루 베이킹소다 내리 실리콘 주걱 반죽 비닐 냉장고 이상 휴지 이상 휴지 반죽 30g씩 나누 비닐 사이 반죽 반죽 흰앙금 25g씩 분할 윗면 바르 호두 해바라기씨 170℃ 예열한 오븐
2	만들 밤양갱 녹차양갱 만들 가족 책임지 가족 모이 명절 어른 아이 모두 입맛 만족 시키 달콤한 달콤한 완성   밤통조림 준비 한천가루 동안 불리 냄비 불리 한천가루 중불 끓이 설탕 소금 중불 끓이 끓어오르 단팥 실리콘 주걱 냄비 내리 다음 물엿 실리콘 주걱 양갱몰드 채우 굳히
2	복숭아 블루 베리 라즈베리등 달콤한 베리 무스 즐기 떠먹 무스 케이크 한입 맛보 매력 아이템    냄비 설탕 끓이 식히 럼주 시럽 완성    크림 치즈 사워크림 실온상태 냉장고 꺼내 이상    장식용 건조크랜베리 건조 블루 베리 럼주    복숭아통조림 복숭아 복숭아 퓨레 만들 디저트 시판용 시트 준비 디저트 준비 시트 시트 만들 시럽 빵솔 바르 실온 상태 크림 치즈 핸드 믹서 거품 단계 크림 상태 설탕 바닐라 설탕 핸드 믹서 거품 단계 복숭아퓨레 핸드 믹서 거품 단계 생크림 핸드 믹서 거품 단계 소프트아이스크림 상태 거품 오렌지 휘핑한 생크림 나누 실리콘 주걱 시트 준비 디저트 필링 필링 장식용 크랜베리 블루 베리 복숭아 올리 준비 시트 올리 나머지 필링 스크래퍼 표면 정리
2	폼므 프랑스어 사과 단어 사과 디저트 알리 시중 사과 통조림 제철 아오리 사과 사용 치즈 어울리 디저트 탄생    버터 달걀 크림 치즈 실온 상태 냉장고 꺼내 이상    박력 아몬드가루 내리    미니머핀틀 철판이형제 바르    오븐 170℃ 예열한다 실온 상태 버터 핸드 믹서 거품 단계 상태 슈거파우더 바닐라설탕 조금씩 버터 섞이 핸드 믹서 거품 단계 휘핑한다 실온 상태 달걀노른자 핸드 믹서 거품 휘핑해 크림 상태 만들 박력 아몬드가루 내리 실리콘 주걱 완성 반죽 비닐 누르 반죽 덩어리 뭉치 냉장고 휴지 휴지 반죽 밀가루 묻히 원형 쿠키커터 철판이형제 바르 머핀틀 반죽 손끝 누르 채우 포크 바닥 구멍 다음 냉장고 휴지 달걀노른자 손거품기 분량 설탕 바닐라설탕 손거품기 냄비 우유 중불 끓이 끓어오르 직전 내리 필링 스트로이젤 뿌리 180℃ 예열한 오븐
2	취향 포도 즐기 방법 타르트 장식 방법 바삭한 타르트지 치즈필링 포도 조화 이루 레시피입니 다양 과일 궁합 자랑 치즈타르트 과일 응용    버터 달걀 크림 치즈 실온 이상    타르트틀 철판이형제 바르    오븐 180℃ 예열한다 버터 핸드 믹서 거품 단계 상태 슈가 파우더 바닐라설탕 소금 조금씩 버터 섞이 핸드 믹서 거품 단계 휘핑한다 실온상태 달걀노른자 핸드 믹서 거품 휘핑해 크림 상태 만들 박력 내리 실리콘 주걱 완성 반죽 비닐 누르 반죽 덩어리 뭉치 냉장고 휴지 휴지 반죽 0.5cm 철판이형제 바르 타르트틀 손끝 누르 채우 포크 바닥 구멍 180℃ 예열한 오븐 다음 식힘망 식히 젤라틴 찬물 불리 실온 상태 크림 치즈 핸드 믹서 거품 단계 상태 사워크림 핸드 믹서 거품 설탕 바닐라설탕 핸드 믹서 거품 포도 올리 미로와 바르 완성
2	여름 대표 이름 수박 수박 샤베트 만들 더위 끝자락 날리 지치 하루 기분 마무리 레시피입니 수박 믹서 설탕 손거품기 플레인 요구르트 레몬 손거품기 탄산수 손거품기 디저트 냉동고 이상 굳히
2	다크초콜릿 쌉싸름한 재료 고급 디저트 연출 여름철 고급 디저트 만들 장식   원형 무스 무스 두르 무스 두르 원형 무스 바닥 스펀지 시트 냄비 생크림 휘핑크림 데우 냄비 다크커버처 초콜릿 실리콘 주걱 초콜릿 생크림 핸드 믹서 거품 단계 소프트 아이스크림 상태 휘핑한 다음 초콜릿 풍미 글라사쥬 표면 코팅한다
2	팥빙수 여름철 별미 즐기 레시피 알리 단팥크림 만들 달콤 매력 아이템    우유 버터 달걀 실온    쿠키 유산지    오븐 200℃ 예열한다 냄비 버터 소금 다음 중불 버터 끓어오르 끓이 내리 다음 박력 내리 반죽 뭉치 실리콘 주걱 덩어리 만들 냄비 중불 올리 앞뒤 반죽 반죽 옮기 식히 반죽 달걀 섞이 핸드 믹서 단계 반죽 원형깍지 끼우 짤주머니 반죽 유산지 쿠키 지르 반죽 표면 스프레이 뿌리 반죽 부분 손가락 묻히 누르 200℃ 예열한 오븐 식힘망 식히 생크림 핸드 믹서 거품 단계 소프트 아이스크림 상태 거품 단팥 연유 핸드 믹서 거품 완성 크림 짤주머니 식히 빵칼 칼집 필링 냉동고 이상
2	다크초콜릿 쌉싸름한 매력 생크림 조화 무스 케이크 매력 느끼 메뉴 초콜릿 달콤한 유혹 빠지    오레오쿠키 커터    버터 중탕    무스 무스 두르    판젤라틴 찬물 불리 오레오쿠키 버터 무스 두르 미니 바닥 으깬 오레오쿠키 뿌리 냉장고 굳히
2	다크초콜릿 쌉싸름한 매력 생크림 조화 무스 케이크 매력 느끼 메뉴 초콜릿 달콤한 유혹 빠지    오레오쿠키 커터    버터 중탕    무스 무스 두르    판젤라틴 찬물 불리 오레오쿠키 버터 무스 두르 미니 바닥 으깬 오레오쿠키 뿌리 냉장고 굳히
2	노란색 바닐라크림 기존 매력 소개 새콤달콤한 재미있 가지 라즈베리 채우 사랑 핑크빛 신선 만들    버터 댤걀 크림 치즈 사워크림 라즈베리퓨레 실온 이상    쿠키 유산지    오븐 200℃ 예열한다    가루젤라틴 찬물 2큰술 불리 냄비 버터 소금 다음 중불 버터 끓어오르 끓이 내리 다음 박력 내리 반죽 뭉치 실리콘 주걱 덩어리 만들 냄비 중불 올리 앞뒤 반죽 반죽 옮기 식히 반죽 달걀 섞이 핸드 믹서 단계 반죽 원형깍지 끼우 짤주머니 반죽 유산지 쿠키 띄우 지르 반죽 표면 스프레이 뿌리 반죽 부분 손가락 묻히 누르 200℃ 예열한 오븐 식힘망 식히 실온 상태 크림 치즈 핸드 믹서 거품 단계 상태 설탕 사워크림 핸드 믹서 거품 실온 상태 라즈베리퓨레 핸드 믹서 거품 불리 젤라틴 중탕 녹이 핸드 믹서 거품 단계 완성 필링 짤주머니 식히 빵칼 칼집 필링 냉동고 굳히
2	즐기 망고 제과 여름철 즐기 식재료 망고 케이크 즐기 방법 소개 아이스 케이크 만들 티타임 즐기    망고퓨레 냉동실 꺼내 실온 상태    판젤라틴 찬물 불리    원형 무스 무스 두르 스펀지 시트 무스 두르 원형 무스 사이즈 자르 바닥 실온상태 망고퓨레 설탕 레몬 손거품기 불리 판젤라틴 제거 중탕 중탕 녹이 젤라틴 속재료 스패츌러 표면 정리 다음 냉장고 굳히 망고퓨레 미로와 케이크 바르 다음 망고 애플민트 올리 장식
2	아이스크림 부르 여름 원하 아이스크림 만들 여름철 망고 즐기 방법 망고아이스바 소개 녹아들어가 생크림 아이스크림 즐기 달걀 노른자 손거품기 설탕 옥수수 전분 내리 손거품기 냄비 우유 올리 데우 내리 아이스크림 코팅한다 코팅 아이스크림 쿠키크런치 장식
2	생크림 아이스크림 달콤한 화이트 초콜릿 곁들이 화이트 초콜릿 달콤 라즈베리 업그레이드 고급 아이스크림 모양 꾸미 여름철 만들 실온 상태 크림 치즈 핸드 믹서 거품 단계 상태 사워크림 핸드 믹서 거품 단계 설탕 바닐라설탕 핸드 믹서 거품 단계 라즈베리퓨레 핸드 믹서 거품 단계 생크림 핸드 믹서 거품 단계 상태 휘핑 오렌지 실리콘 주걱 아이스크림 코팅한다 코팅 아이스크림 피스타치오 장식
2	바닐라향 진하 풍기 아이스크림 바삭한 쿠키 즐기 메뉴 여름철 방학 맞이 아이 재미 만들 즐기    다이제스티브 커터    버터 중탕    무스 무스 두르 다이제스티 버터 무스 두르 육각 무스 바닥 숟가락 누른다음 냉장고 굳히 젤라틴 찬물 불리 달걀 노른자 손거품기 옥수수 전분 박력 내리 손거품기 바닐라빈 냄비 우유 바닐라 중불 올리 냄비 가장 자리 보글거릴 끓이 우유 으깬 다이제스티브 뿌리 냉장고 굳히
2	요구르트 묻히 복숭아 느끼 여름 디저트 요구르트 복숭아 무스 케이크 소개 치즈 케이크 무스 케이크 여름 즐기 디저트   스펀지시트   젤라틴 1ts위 조심 냉장고
2	따뜻 녹차 녹차 아이스크림 떠오르 계절 방법 녹차 변신 시키 레시피 소개 폭신한 녹차 시트 녹차필링 이루 케이크 아이스크림 고급 녹차 디저트 선물용 손님 접대용 손색 여름 디저트 도전   달걀 설탕 75g 바닐라설탕 휘핑한 생크림 나누 실리콘 주걱 사각 무스 필링 필링 시트 올리 다음 냉장고 이상 굳히
2	롤케이크 인기 아이템 선물 하기 대접 매력 아이 롤케이크 케이크 시트 블루 베리 필링 어울리 롤케이크입니   달걀 설탕 60g 바닐라설탕 필링 스패출러 바르 건조 블루 베리 뿌리 시트 둥글리 다음 유산지 냉장고 식히
2	오렌지 겹겹 오르 메뉴 오렌지 과즙 베이스 타르트 타르트 오렌지 즐기 오렌지타르트 만들 여름 입맛 깨우 거예요   버터 75g 슈가 파우더 50g 바닐라설탕 소금 ⅛ts 타르트 필링 슬라이스 오렌지 냉장고 동안 굳히
2	블루 베리 블루 베리 응용 레시피 소개 드리 블루 베리 치즈 케이크 블루 베리 케이크 블루 베리 케이크 디저트   오레오쿠키 100g 버터   젤라틴 1½ts 필링 스크래퍼 표면 정리 냉장고 동안 굳히 휘핑크림 블루 베리 파이필링 장식
2	여름철 망고 생과일 레시피 원하 베이커 망고디저트 소개 오븐 만들 디저트 더위 신선 디저트 만들   다이제스티브 100g 버터   젤라틴 1½ts 장식 À
2	초코치즈아이스롤케이크 모양 롤케이크입니 폭신한 시트 어울어지 필링 여름철 어울리 케이크 초콜릿 아이 입맛 제격 롤케이크 조각 아이 여름 선사   달걀 설탕 70g 바닐라설탕 필링 케이크 시트 스패출러 바르 생크림 바르 시트 둥글리 다음 유산지 냉장고 식히
2	스트레스 입맛 여름 아이스아메리카노 어울리 치즈 케이크 생각나 소개 치즈 케이크 유자 어우러지 새콤달콤함 치즈 즐기 치즈 케이크 쌉싸름한 아이스아메리카노 빠지 디저트 즐기   달걀 설탕 60g 바닐라설탕 속재료 ½ 분량 시트 올리 다음 나머지 속재료 스크래퍼 표면 정리 다음 냉장고 굳히 장식용 유자 미로와 케이크 표면 스패츌러 정리
2	바나나 초콜릿 디저트 만들 어울리 쌉싸름한 초콜릿 어울리 달콤한 바나나 고급 디저트 만들 바나나 밀크 초콜릿 무스 케이크 조화 맛보 시원 디저트 달콤 맛보 디저트 도전   초코스펀지시트 바나나   판젤라틴 달걀 노른자 설탕 25g 바닐라설탕 우유 60ml 밀크 커버 초콜릿 100g   생크림 150ml 초콜릿 속재료 냉장고 굳히
2	이탈리아어 기분 시키 이름 기분 만들 케이크 티라미수 케이크 윗면 쌉싸름한 코코아 가루 달콤한 크림 치즈 균형 시트 크림 치즈 필링 어울어지 디저트 기분 만들 티라미수 만들 기분 주변 선물   달걀 설탕 90g 바닐라설탕 필링 ½ 필링 시트 올리 다음 나머지 필링 스크래퍼 표면 정리 냉장고 이상 굳히 굳히 케이크 표면 무가 코코아 가루 뿌리 장식 시트 다음 슈가 파우더 뿌리 장식 시트 조심 완성
2	오렌지컵무스 오렌지 무스 어우러지 즐기 디저트 날씨 여름 디저트 만들 하루 만들   시판용 시트   판젤라틴 크림 치즈 60g 사워크림 30g 설탕 35g 바닐라설탕 올리 마무리
2	프린세스하 프릴 생각나 주름 잡히 프릴모양 붙이 이름 쌉싸름한 코코아 화이트 초콜릿 쿠키 고소 풍미 식감 프린세스쿠키 만들 즐기   버터 60g 설탕 30g 소금 ⅛ts   화이트 코팅용초콜릿 100g 피스타치오    버터 달걀 실온 상태 냉장고 꺼내 이상    오븐 180℃ 예열한다 실온상태 버터 핸드 믹서 거품 단계 설탕 바닐라설탕 소금 나누 조금씩 상태 핸드 믹서 거품 단계 휘핑한다 실온 상태 달걀 노른자 핸드 믹서 거품 단계 크림 상태 휘핑한다 박력 코코아 가루 아몬드가루 내리 실리콘 주걱 가루 보이 우유 실리콘 주걱 별모양깍지 끼우 짤주머니 반죽 유산지 쿠키 모양 180℃ 오븐 중탕 코팅 화이트 초콜릿 완성 쿠키 식힘망 올리 식히 중탕 녹이 화이트 코팅용초콜릿 쿠키 코팅한다 초콜릿 다지 피스타치오 올리 장식
2	여름 베이킹하 느끼 즐기 디저트 소개 자몽 아이스 케이크 자몽 젤리 어우러지 케이크 아이스크림 신선 여름 즐기   시판용 시트   판젤라틴 크림 치즈 160g 사워크림 100g 설탕 45g 생크림 70ml   자몽 쥬스 100ml 가루젤라틴 냉장고 동안 굳히 완성
2	바질페스토 홈메이드표 바질페스토 만들 피자 맛보 신선 바질 피자 만들 또띠아 부담 약간 피자 재료 응용 아이 간식 거리 활용   생바질 100g 아몬드가루 20g 호두 20g 마늘 파마 치즈 가루 30g 소금 후추 올리브유 180ml   또띠아 방울 토마토 바질 피자 치즈    바질 준비    방울 토마토 ½ 등분 준비    오븐 200℃ 예열한다 커터 생바질 아몬드가루 호두 마늘 파마산치즈가루 소금 후추 돌리 올리브유 커터 돌리 완성 바질페스토 냉장고 숙성 또띠아 바질페스토 바르 준비 생바질 토마토 모짜렐라치즈 뿌리 200℃ 예열한 오븐
2	고프르 벌집 와플 철판 모양 이름 프랑스식 와플입니 바삭하면서 식감 생크림 아이스크림 각종 과일 곁들이 와플입니 여름 다가오 나르 토요일 와플 조각 담백 생크림 즐기   우유 120ml 버터 100g 설탕 휘핑한 머랭 나누 실리콘 주걱 반죽 뭉치 다음 냉장고 이상 휴지 철판이형제 바르 와플틀 반죽 중불 뒤집 완성
2	기르 튀기 설탕 묻히 따뜻 설탕 입안 매력 츄러스 아이 간식 거리 맥주 안주 매력 만들 츄러스 선물   우유 45ml 40ml 버터 65g 소금 ¼ts 반죽 앞뒤 노릇해지도록 튀기 설탕 계피가루 묻히
2	인도식 카레 접하 만들 카레 외식 분위기 카레 재료 활용 인도식 변신 시키 사용 방법 만들 만들   강력 100g 박력 50g 베이킹파우더 2ts 플레인 요구르트 100g 버터    버터 녹이 준비 강력 박력 베이킹파우더 내리 소금 플레인 요구르트 손거품기 녹인버터 손거품기 가루 반죽 덩어리 뭉치 반죽 45g씩 분할 덧가루 뿌리 약불 달구 프라이팬 반죽 올리 노릇노릇하 뒤집
2	모닝 재료 어울리 여름 제철 감자 어울리 샐러드 소개 여름 제철 감자 만들 샐러드 샐러드 모닝 감자 샐러드 채우 채우 브런치 뒷산 오르 우유 샐러드 기분 시키   강력 200g 옥수수 가루 30g 설탕 15g 소금 ½ts    손질 으깬다    강력 내리    우유 35℃ 데우    달걀 버터 실온 상태 냉장고 꺼내    오븐 180℃ 예열한다 제빵 반죽 설탕 소금 우유 달걀 순서 강력 옥수수 가루 내리 다음 드라이 이스트 버터 제빵 반죽 반죽 끝나 반죽 반죽 꺼내 30g씩 분할 반죽 둥글리 면보 씌우 중간 발효 중간 발효 반죽 베이킹틀 면보 씌우 다음 따뜻 발효 반죽 핸드 믹서 반죽 사용 반죽 부풀 반죽 옥수수 가루 뿌리 장식 180℃ 예열한 오븐 식힘망 식히 으깬 감자 사워크림 플레인 요구르트 설탕 파슬리 가루 레몬 소금 후추 마무리 샐러드 완성
2	계란 반죽 익히 달걀 어우러지 아이 계란 다양 야채 응용 영양 만들 아이템 계란 타임 인기 거예요   달걀 설탕 30g 바닐라설탕 박력 125g 베이킹파우더 1ts 우유 100ml   달걀 치즈 소금 파슬리 가루    달걀 우유 실온상태 냉장고 꺼내 이상    머핀팬 철판이형제 바르    오븐 180℃ 예열한다 달걀 손거품기 설탕 소금 손거품기 박력 내리 손거품기 가루 반쯤 섞이 우유 손거품기 철판이형제 바르 머핀틀 섞이 반죽 달걀 반죽 치즈 자르 달걀 올리 파슬리 가루 소금 뿌리 180℃ 예열된 오븐
2	필링재료 크레이프 홈메이드 리코타치즈 곁들이 방법 소개 드리 감자 크레이프 홈메이드표 리코타치즈 다양 채소 크랜베리등 곁들이 브런치 즐기   생크림 300ml 우유 500ml 레몬    손질 준비    달걀 우유 실온 상태 냉장고 꺼내 이상 달걀 손거품기 감자 소금 손거품기 박력 내리 손거품기 가루 보이 우유 올리브유 손거품기 반죽 올리 펼치 냄비 우유 생크림 중불 올리 우유 생크림 오르 레몬 소금 끓이 약불 보글보글 멍울 끓이 다음 내리 면보 받치 제거 완성 치즈 밀폐 용기 냉장 보관
2	달콤한 앙금 입안 과자 팥앙금 호두 견과류 만들 재미 고소 구움만주 만들 감자 반죽 노릇하 고소 만들 별미   80g 박력 100g 베이킹파우더 반죽 올리 윗부분 누르
2	푸딩 만들 과자 디저트 사먹었던 푸딩 여름 제철 감자 만들 생크림 노른자 달콤 감자 감싸 넘기 간식 거리 더위 푸딩 만들 가족 즐기   우유 150ml 생크림 60ml 달걀 달걀 노른자 설탕 40g 바닐라설탕 80g~100g    손질 준비    중탕용 직사각틀 60~70℃ 따뜻    오븐 100℃ 예열한다 달걀 달걀 노른자 손거품기 설탕 바닐라설탕 손거품기 준비 감자 손거품기 우유 생크림 손거품기 푸딩 푸딩 중탕용 푸딩 100℃ 예열한 오븐
2	바삭한 튀김 과자 여름 제철 감자 튀김 감자 만들 감자 고소 튀기 간식 거리 중독 감자 두부 스낵 과자 하루쯤 재료 방법 레시피 도전   40g 40g 설탕 50g 소금 ½ts 반죽 하나씩 앞뒤 노릇노릇 해지 튀기
2	플로랑탱 생크림 설탕 버터 물엿 아몬드 슬라이스 오렌지필 설탕 배합 만들 고급 디저트 이탈리아 도시 피렌체 의미 플로랑탱 피렌체 메디치가 카트린 프랑스 앙리 결혼 알리 고급 고소 플로랑탱 만들   버터 65g 슈가 파우더 65g 바닐라설탕 소금 ⅛ts 달걀 ½개 박력 125g   버터 50g 설탕 75g 생크림 50ml 물엿 25g 25g 아몬드슬라이스 40g 건조믹스필    버터 달걀 생크림 냉장고 꺼내 이상    정사각틀 유산지    생크림 전자레인지 데우    오븐 180℃ 예열한다 실온 상태 버터 핸드 믹서 거품 단계 상태 슈가 파우더 바닐라설탕 소금 나누 핸드 믹서 거품 단계 달걀 핸드 믹서 거품 단계 휘핑한다 박력 내리 실리콘 주걱 비닐 완성 반죽 누르 반죽 덩어리 뭉치 다음 냉장고 휴지 정사각틀 휴지 반죽 롤러 덧가루 뿌리 다음 포크 구멍 180℃ 예열한 오븐 냄비 버터 설탕 물엿 바글바글 끓이 데우 생크림 나누 실리콘 주걱 아몬드슬라이스 건조믹스필 필링 시트 실리콘 주걱 정리 190℃ 예열한 오븐 사각팬째 식힘망 식히 빵칼 직사각형 자르
2	부담 만들 그리시니 소개 감자 고소 검은깨 고소 높이 그리 남녀노소 만들 여름 제철 감자 만들 그리시니 가족 즐기 나누   강력 100g 박력 65g 설탕 10g 소금 1ts 버터 50g 달걀 노른자   100g   달걀 노른자 검은깨    손질 준비    쿠키 유산지    오븐 220℃ 예열한다 강력 박력 내리 설탕 소금 드라이 이스트 버터 달걀노른자 감자 단계 반죽 버터 반죽 반죽 고슬고슬하 뭉치 상태 뭉치 반죽 손바닥 굴리 50cm 길이 막대 모양 늘이 반죽 표면 빵솔 달걀 노른자 바르 노른자 검은깨 뿌리 다음 예열한 220℃ 오븐
2	아이 엄마 추천 드리 땅콩샌드쿠키입니 고소 땅콩 크림 바르 남녀노소 쿠키 매력 땅콩샌드쿠키 낱개 포장 선물 하기 쿠키   버터 50g 땅콩버터 60g 설탕 50g 바닐라설탕 소금 ¼ts   크림 치즈 50g 땅콩버터 40g 슈가 파우더    버터 달걀 실온 상태 냉장고 꺼내 이상    쿠키 유산지    오븐 180℃ 예열한다 실온 상태 버터 땅콩버터 핸드 믹서 거품 단계 상태 설탕 바닐라설탕 소금 나누 핸드 믹서 거품 단계 실온 상태 달걀 노른자 섞이 핸드 믹서 거품 단계 휘핑한다 박력 베이킹파우더 내리 다음 실리콘 주걱 반죽 비닐 누르 덩어리 뭉치 다음 냉장고 휴지 바닥 비닐 밀가루 뿌리 다음 반죽 밀가루 뿌리 비닐 반죽 사각 쿠키 밀가루 묻히 모양 유산지 쿠키 반죽 일정 올리 180℃ 예열한 오븐 식힘망 식히 크림 치즈 땅콩버터 핸드 믹서 거품 단계 상태 슈가 파우더 핸드 믹서 거품 단계 쿠키 사이 땅콩 크림 쿠키 붙이 완성
2	아몬드 고소 일품 아몬드트윌 바삭바삭한 식감 쿠키 디저트 아이 간식 만들 아몬드트윌 도전   달걀 설탕 90g 바닐라설탕 박력 20g 아몬드슬라이스 120g 녹인버터    버터 중탕 녹이 준비    쿠키 유산지    오븐 180℃ 예열한다 달걀 손거품기 설탕 바닐라설탕 나누 손거품기 박력 내리 실리콘 주걱 아몬드슬라이스 손거품기 버터 실리콘 주걱 유산지 쿠키 반죽 스푼 올리 원형 예열한 180℃ 오븐