recipe,name,ingredients
"부드러운 쿠키반죽을 2가지 색으로 멋을 낸 바닐라 초코쿠키.    모양과 맛 모두 멋스러워 만드는 보람과 함께 받는 사람에게 즐거움과 감동을 줄 수 있는 쿠키입니다.    쿠키 위에 올라가는 아몬드는 부드러운 쿠키와 함께 고소하면서 씹는 식감을 더해줍니다.       버터와 달걀은 실온 상태가 되도록 냉장고에서 꺼내 30분 이상 둔다.     쿠키팬에 유산지를 깐다.     오븐은 180℃로 10분간 미리 예열한다.   볼에 실온상태의 버터를 넣고 핸드믹서의 거품기로 가장 약한 단계에서 부드러운 상태가 되도록 30초간 풀어준다.   슈가파우더, 바닐라설탕, 소금을 섞어 두 세번에 나누어 넣으며 버터와 충분히 섞이도록 핸드믹서 거품기로 가장 약한 단계에서 1분간 휘핑한다.   달걀 노른자를 넣고 핸드믹서 거품기로 가장 약한 단계에서 1분간 휘핑해 고운 크림 상태로 만든다.   볼에 반죽을 ½씩 나누어 담고 한 쪽 볼에 박력분 100g, 다른 볼에는 박력분 80g과 코코아가루 20g을 체에 내려 넣는다.   가루가 살짝 보일 정도로 실리콘 주걱으로 가볍게 섞는다.   반죽을 각각 비닐봉투에 담고 손으로 눌러가며 하나의 반죽 덩어리로 뭉친 다음 냉장고에 30분 정도 휴지시킨다.   바닐라반죽과 초코 반죽 모두 두께 0.5cm가 되도록 밀대로 얇게 민다.   각각의 반죽을 가로*세로 6*20cm 의 직사각형으로 잘라서 준비한다.   기본반죽 위에 붓을 이용해 흰자를 바르고 초코 반죽을 올려 놓는다.    반죽 위에 붓을 이용해 흰자를 바른 뒤 아몬드분태를 충분히 올린다. 반죽을 냉장고에 넣어 1시간 이상 휴지시킨다.   냉장고에서 휴지시킨 반죽을 꺼내 0.5cm 두께로 썬다.   유산지를 깐 쿠키팬에 서로 붙지 않도록 일정한 간격을 두어 올리고 180℃로 예열한 오븐에 12~15분간 굽는다.",,
"마들렌은 레몬향을 곁들여서 만들어 먹는 경우가 많죠.    오늘은 유자향이 물씬나는 부드러운 마들렌을 소개합니다.    촉촉한 마들렌은 겨울철 선물용으로도 좋은 아이템입니다.       달걀은 실온에서 30분이상 둔다.     버터는 전자레인지에 30초 녹인다.     오븐은 170℃로 10분간 예열한다.   볼에 실온 상태의 달걀을 넣고 손거품기로 10초간 가볍게 풀어준다.   설탕과 소금, 바닐라설탕을 넣고 손거품기로 가볍게 섞는다.   유자청을 넣고 손거품기로 가볍게 섞는다.   박력분과 아몬드가루, 베이킹파우더를 체에 내려 넣고 손거품기로 가볍게 섞는다.   녹인버터를 넣고 손거품기로 가볍게 섞는다.   랩을 씌워 냉장고에서 하루 정도 휴지시킨다.   마들렌 틀에 철판이형제를 바른다.   의 반죽을 짤주머니에 담아 마들렌 틀에 80% 정도 담은 후, 170℃로 예열한 오븐에 넣어 12분간 굽는다.",,
"겨울은 유자의 향긋한 향이 생각나는 계절입니다.    오늘 만드는 쿠키에는 유자청을 이용해 유자향을 더해 누구나 맛있게 먹을 수 있는 쿠키를 만들었습니다.       버터와 달걀은 실온 상태가 되도록 냉장고에서 꺼내 30분 이상 둔다.     호두는 먹기 좋은 크기로 다져서 준비한다.     쿠키팬에 유산지를 깐다.     오븐은 180℃로 10분간 미리 예열한다.   볼에 실온상태의 버터를 넣고 핸드믹서의 거품기로 가장 약한 단계에서 부드러운 상태가 되도록 30초간 풀어준다.   유자청과 꿀, 바닐라설탕을 넣고 버터와 충분히 섞이도록 핸드믹서 거품기로 가장 약한 단계에서 1분간 휘핑한다.   달걀 노른자를 넣고 핸드믹서 거품기로 가장 약한 단계에서 1분간 휘핑해 고운 크림 상태로 만든다.   박력분과 베이킹파우더를 체에 내려 넣고 실리콘 주걱으로 가볍게 섞는다.   다진 호두를 넣은 뒤 실리콘 주걱으로 가볍게 섞는다.   반죽을 숟가락으로 떠서 유산지를 깐 쿠키팬에 모양을 내어 올린다. 180℃로 예열한 오븐에 12~15분간 굽는다.",,
"장미를 닮은 쿠키를 2가지 색으로 멋을 냈습니다.    슈가파우더가 들어가 부드럽고, 딸기파우더의 달콤한 딸기 향이 묻어있는 쿠키입니다.    가나슈가 샌딩되어 있어 달콤함을 두배로 즐기실 수 있습니다.    마음을 담은 쿠키선물이 필요할 때 투톤로즈쿠키를 만들어보세요.       버터와 달걀 흰자는 실온 상태가 되도록 냉장고에서 꺼내 30분 이상 둔다.     쿠키팬에 유산지를 깐다.     오븐은 180℃로 10분간 미리 예열한다.   볼에 실온상태의 버터를 넣고 핸드믹서의 거품기로 가장 약한 단계에서 부드러운 상태가 되도록 30초간 풀어준다.   슈가파우더, 바닐라설탕, 소금을 섞어 두 세번에 나누어 넣으며 버터와 충분히 섞이도록 핸드믹서 거품기로 가장 약한 단계에서 1분간 휘핑한다.   달걀 흰자를 넣고 핸드믹서 거품기로 가장 약한 단계에서 1분간 휘핑해 고운 크림 상태로 만든다.   박력분을 체쳐 넣고, 실리콘 주걱으로 가볍게 섞는다.   다른 볼에 반죽을 ½ 나누어 담고 한 쪽 볼에 딸기파우더를 체쳐 내린 뒤 실리콘 주걱으로 가볍게 섞는다.   장미모양 깍지를 끼운 짤주머니에 흰 반죽과 딸기 반죽을 각각 담는다.    유산지를 깐 쿠키팬에 모양내어 짠 후, 미리 예열한 180℃오븐에 12분간 굽는다.   냄비에 생크림을 넣어 중불에 올리고 냄비 가장자리가 끓어오르면 불에서 내린다.   다크커버처 초콜릿을 넣고 녹을 때 까지 실리콘 주걱으로 섞는다. 완성된 초코크림은 실온에서 식힌다.   완성된 의 가나슈크림을 바르고 쿠키를 마주 붙여 완성한다.",,
"시나몬 가루는 차가워진 날씨와 어울리는 베이킹 재료 중 하나입니다.     쌀쌀해진 날씨에 따뜻한 커피한잔과 함께 달콤하면서도 은은향 향을 즐길 수 있는 시나몬롤 쿠키.    모양도 독특해 선물하기에도 좋은 아이템입니다.       버터와 플레인요구르트는 실온 상태가 되도록 냉장고에서 꺼내 30분 이상 둔다.     쿠키팬에 유산지를 깐다.     오븐은 180℃로 10분간 미리 예열한다.   볼에 실온상태의 버터를 넣고 핸드믹서의 거품기로 가장 약한 단계에서 부드러운 상태가 될 때까지 풀어준다.   설탕과 바닐라설탕, 소금을 섞어 조금씩 넣으며 핸드믹서의 거품기로 가장 약한 단계에서 30초간 휘핑한다.   실온상태의 플레인요구르트를 넣고 핸드믹서의 거품기로 휘핑해 고운 크림상태로 만든다.   박력분과 베이킹파우더를 체에 내려 넣고 실리콘 주걱으로 가볍게 섞는다.   뭉친 반죽은 냉장고에 넣어 30분간 휴지시킨다.   휴지한 반죽을 두께 0.5cm가 되도록 밀대로 얇게 민다.   장식용 설탕과 시나몬가루를 섞어 반죽 위에 골고루 뿌려준다.   반죽을 안쪽에서부터 공간이 남지 않도록 촘촘하게 말아준다. 반죽을 비닐에 싼 채로 냉장고에 넣어 1시간 이상 휴지시킨다.   냉장고에서 휴지시킨 반죽을 꺼내 1cm 두께로 썬다.   유산지를 깐 쿠키팬에 서로 붙지 않도록 일정한 간격을 두어 올리고 180℃로 예열한 오븐에 12~15분간 굽는다.",,
"겨울의 추운 몸을 달래주는 유자차.   유자의 향긋함과 따뜻함을 조금은 다르게 즐기실 수 있는 방법을 알려드립니다.   그 방법 첫번째로 유자향이 가득한 롤케이크 입니다.   따뜻한 커피와 함께 유자의 달콤함이 묻어있는 부드러운 롤케이크를 즐겨보세요.       달걀은 흰자와 노른자를 분리한다.     롤케이크팬에 유산지를 깐다.     냄비에 시럽용 물, 설탕을 넣어 끓이고 차갑게 식힌 후 럼주를 넣어 시럽을 완성한다.     오븐은 180℃로 10분간 미리 예열한다.   볼에 달걀 흰자를 넣고 핸드믹서의 거품기로 가장 센 단계에서 20초간 휘핑하다가    거품이 풍성해지면 설탕과 바닐라설탕을 조금씩 넣으며 윤기가 나고 단단한 머랭이 될 때까지 휘핑한다.   의 유자생크림을 스페츌러로 시트 위에 얇게 펴 바른다.   시트를 안쪽에서부터 둥글려가며 살짝 말아준 다음 유산지에 싸서 냉장고에 넣어 30분간 차갑게 식혀준다.",,
"겨울을 알리는 향기로운 유자는 겨울철에 찾게 되는 제철 과일입니다.   비타민 C가 풍부한 유자는 보통 차로 많이 즐기시지만   오늘은 식사대용으로도 좋은 비스켓에 유자와 크랜베리를 더했습니다.   이번 주말은 만들기도 간단한 유자베리스콘을 만들어보세요.         쿠키팬에 유산지를 깐다.     오븐은 180℃로 10분간 미리 예열한다.   푸드프로세서에 강력분, 박력분, 베이킹파우더, 설탕, 바닐라설탕을 넣고 가볍게 갈아준다.   차가운 버터를 깍둑썰기하여 넣고 고슬고슬한 상태가 될 때까지 갈아준다.   푸드프로세서에 유자청을 넣고 고슬고슬한 상태 까지 반죽을 뭉쳐준다.   푸드프로세서에 크랜베리를 넣고 다시 한 번 가볍게 뭉쳐준다.   반죽을 비닐에 올리고 손으로 눌러가며 하나의 반죽으로 뭉친다. 뭉친 반죽은 냉장고에 넣어 30분간 휴지시킨다.   휴지한 반죽을 두께 2cm가 되도록 밀대로 밀어 핀 후, 지름 5cm 원형커터로 반죽을 찍어낸 다음 유산지를 깐 팬에 간격을 띄어 올린다.",,
"요즘 유명한 제과점 이곳 저곳에서 에클레어를 쉽게 접해보실 수 있습니다.    에클레어는 모양도 맛도 사랑스러운 과자죠.    빼빼로데이를 맞이해서 쉽게 만들 수 있는 에클레어를 소개합니다.    속에 커스터드 크림이나 초코크림을 채워서 드시면 더 맛있게 즐기실 수 있습니다.       버터와 반죽용 달걀은 실온에 30분 이상 둔다.     쿠키팬에 유산지를 깔아 둔다.     오븐은 200℃로 15분간 예열한다.   냄비에 물, 버터, 소금을 넣은 다음 중불에서 버터가 녹고 물이 끓어오를 때까지 끓인다.   불에서 내린 다음 2회 체에 내린 뒤 박력분을 다시 체에 내려 넣고, 반죽이 뭉치지 않도록 실리콘 주걱으로 가볍게 섞어 하나의 덩어리로 만든다.   냄비를 중불에 올리고 앞뒤로 반죽을 굴리며 1분간 열을 가한다. 반죽을 볼에 옮겨 담고 1~2분간 한김 식힌다.   반죽에 달걀을 1개씩 넣으며 잘 섞이도록 핸드믹서 반죽기로 가장 약한 단계에서 1분간 반죽한다.   깍지를 끼운 짤주머니에 반죽을 넣고, 유산지를 깐 쿠키팬에 간격을 띄어 길이 10~15cm 정도가 되도록 짠다.   반죽 표면에 스프레이로 물을 충분히 뿌린다. 달걀물을 바르고 포크로 무늬를 낸다.    200℃로 예열한 오븐에 20~25분간 굽고 식힘망에 얹어서 충분히 식힌다.   중탕한 초콜릿에 완성된 에클레어를 담가 ⅔부분을 코팅한다.   초콜릿이 굳기 전에 장식용 피스타치오, 헤즐넛, 딸기다이스로 장식한다.",,
"사랑과 우정을 나누는 빼빼로데이날 특별한 빼빼로를 만들어보세요.    귀여운 모양의 빼빼로를 만들어 아이들과 친구들에게 소중한 추억을 나눠주세요.     일회용 짤주머니에 가나슈크림을 담고 밀크쉘과 화이트쉘에 70% 정도 크림을 채운다.   빼빼로스틱을 꽂고 냉장고에서 10분간 굳힌다.   중탕으로 녹인 장식용 초콜릿에 이 굳으면 녹인 초코펜을 이용해 커버처 초콜릿을 붙여 귀를 만든다.   초코펜을 이용해 눈, 코, 입을 그려 완성한다.",,
"식감이 바삭한 그리시니는 가늘고 긴 연필모양의 이탈리아 빵입니다.    발효과정이 들어가기 때문에 빵에 속하지만 과자처럼 바삭하고 크래커와 같은 고소한 식감을 가지고 있는 빵이죠.    그리시니는 맛이 담백해서 그냥 먹어도 맛있고 수프나 메인 요리에 곁들여 먹어도 맛있게 즐길 수 있습니다.       쿠키팬에 유산지를 깔아 둔다.     오븐은 220℃로 15분간 예열한다.   볼에 강력분, 통밀가루를 체에 내린다. 소금, 드라이이스트, 35℃의 따뜻한 물을 넣은 다음 핸드믹서 반죽기의 가장 약한 단계에서 5분 정도 반죽한다.   재료가 하나로 섞이면 버터를 넣고 5분간 더 반죽한다.   반죽이 매끄러운 상태가 되면 반죽을 동그랗게 뭉쳐 볼에 담고 45℃의 따뜻한 물에 중탕한 다음, 랩을 씌워 1시간 정도 1차 발효 한다.   반죽이 2배로 부풀면 주먹으로 눌러 가스를 빼고 저울을 이용해 반죽을 20g씩 분할한다.   각각의 반죽을 둥글리기 한 다음 면보를 씌워 15분간 중간 발효한다.   반죽을 손바닥으로 굴려 가며 50cm 길이의 막대모양으로 늘인다.   따뜻한 곳에서 15~20분간 2차 발효 후 예열한 220℃ 오븐에 8분간 굽는다.",,
"가끔은 진한 초콜릿 디저트 한 입으로 기분이 좋아지는 경우가 있습니다.    묵직하게 입안을 채우는 초콜릿케이크를 만들어 보세요.    머리까지 찐한 달콤함을 채워주는 초콜릿케이크로 기분을 한층 업 시켜보세요.       버터, 달걀은 실온에서 30분이상 둔다.     정사각틀과 쿠키팬에 유산지를 깐다.     오븐은 180℃로 10분간 예열한다.   볼에 실온 상태의 버터를 넣고 핸드믹서의 거품기로 가장 약한 단계에서 부드러운 상태가 되도록 10초간 풀어준다.   흑설탕과 바닐라 설탕, 소금을 넣고 부드러운 상태가 되도록 핸드믹서의 거품기로 가장 약한 단계에서 2분간 휘핑한다.   달걀은 1개씩 넣으며 충분히 풀어지도록 1분씩 휘핑해 고운 크림 상태가 되도록 한다.   중탕하여 녹인 다크커버처 초콜릿을 넣고 부드러운 상태가 되도록 핸드믹서의 거품기로 가장 약한 단계에서 1분간 휘핑한다.   박력분과 베이킹파우더를 체에 내리고 실리콘 주걱으로 가볍게 섞어준다. 생크림을 넣고 실리콘 주걱으로 가볍게 섞어준다.   유산지를 깔아 둔 정사각틀에 반죽을 넣고 윗면을 평평하게 한 다음 180℃ 오븐에 25~30분간 굽는다.   완성된 케이크는 케이크틀에서 분리해 식힘망에 얹어 식힌다.   냄비에 생크림을 넣어 중불에 올리고 냄비 가장자리가 끓어오르면 불에서 내린다.    다크커버처 초콜릿을 넣고 녹을 때까지 실리콘 주걱으로 섞는다.    초콜릿이 완전히 녹으면 버터를 넣고 실리콘 주걱으로 섞으면서 녹인다.   완성된 초콜릿케이크 위에 의 가나슈, 초코칩, 피칸을 이용해 장식한다.",,
"빼빼로데이는 다양한 빼빼로를 만들어 선물하기에 분주하면서도 즐거운 시간들이죠.    기본에 충실하면서 맛도 충실한 넛트빼빼로를 만들어 다양한 빼빼로를 즐겨보세요.     다양한 만큼 받는 분들도 풍성한 빼빼로 데이를 즐기실 수 있을거예요     다크, 밀크, 화이트 코팅용 초콜릿을 중탕으로 녹인다.   11cm 빼빼로 스틱에 중탕으로 녹인 초콜릿을 묻힌다.   다크코팅용 초콜릿이 굳기 전에 아몬드분태를 묻힌다.",,
달콤한 초콜릿푸딩은 쪄서 먹는 부드러운 과자라고 볼 수 있습니다.    오늘 소개해 드릴 푸딩은 초콜릿이 들어가 있어 아이들이 좋아할 만한 간식거리 입니다.    캐러맬 소스와 함께 먹을 수 있어 더 특별한 디저트가 될 초콜릿 푸딩.    조금은 특별한 디저트를 만들어 달콤한 시간을 가져보세요.       다크커버처 초콜릿은 미리 중탕으로 녹여서 준비한다.     바닐라빈을 반으로 갈라 칼 끝으로 씨를 긁어 준비한다.     중탕용 직사각틀에 60~70℃의 따뜻한 물을 붓는다.     오븐은 100℃로 10분간 예열한다.   냄비에 물을 넣고 안쪽을 적신 다음 냄비에 설탕과 물을 넣고 중불에 올려 끓인다.    가장자리가 갈색으로 변하면 불을 끄고 잔열을 이용해 전체적으로 카라맬이 될 때까지 냄비를 돌려가며 캐러맬 소스를 완성한다.   볼에 달걀 1개와 달걀 노른자 1개를 넣고 손거품기로 잘 풀어 준다.   설탕과 바닐라설탕을 넣고 손거품기로 골고루 섞는다.   냄비에 우유와 생크림을 넣고 미리 준비한 바닐라빈 씨와 바닐라빈을 넣은 뒤 중불에 올린다. 냄비 가장자리가 끓어오르면 불에서 내린다.   다크커버처 초콜릿을 넣고 녹을 때까지 실리콘 주걱으로 섞는다.   을 붓는다.   중탕용 틀에 푸딩병을 담고 100℃로 예열한 오븐에 30분간 굽는다.,,
"오늘 소개해 드릴 쿠키는 화이트커버처 초콜릿이 들어가 달콤함과 쫄깃한 식감이 좋은 초코칩쿠키입니다.     호두나 피칸 같은 견과류가 있으시다면 오늘 레시피에 활용해 보시면 더 좋을 쿠키입니다.       달걀과 버터는 실온 상태가 되도록 냉장고에서 꺼내 30분 이상 둔다.     쿠키팬에 유산지를 깐다.     오븐은 180℃로 10분간 미리 예열한다.   볼에 실온상태의 버터를 넣고 핸드믹서의 거품기로 가장 약한 단계에서 부드러운 상태가 될 때까지 풀어준다.   흑설탕, 설탕, 바닐라설탕, 소금을 섞어 조금씩 넣으며 핸드믹서의 거품기로 가장 약한 단계에서 30초간 휘핑한다.   실온상태의 달걀 노른자를 넣고 핸드믹서의 거품기로 휘핑해 고운 크림상태로 만든다.   박력분과 베이킹파우더를 체에 내려 넣고 실리콘 주걱으로 가볍게 섞는다.   중탕하여 녹인 화이트커버처 초콜릿과 초코칩, 마카다미아를 넣고 실리콘 주걱으로 가볍게 섞는다.   반죽을 숟가락으로 떠서 유산지를 깐 쿠키팬에 모양을 내어 올린다.   윗면에 초코칩과 마카다미아를 장식으로 올려 180℃로 예열한 오븐에 12~15분간 굽는다.",,
"오늘 소개해 드릴 레시피는 가벼운 식감의 카스테라에 초콜릿이 마블되어 들어가 있는 특별한 카스테라입니다.    촉촉한 식감 속에서 달콤함을 느낄 수 있는 카스테라를 따뜻하게 만든 초코라떼와 함께 즐겨보세요.    부드러움을 배로 느끼실 수 있을 꺼예요.       달걀은 흰자와 노른자를 분리하여 흰자는 차갑게, 노른자는 실온상태로 보관한다.     박력분을 체에 내린다.     버터는 중탕으로 녹여 우유와 함께 따뜻하게 준비한다.     카스테라틀에 유산지를 깐다.     다크커버처 초콜릿은 미리 중탕으로 녹여 준비한다.     오븐은 170℃로 10분간 예열한다.   볼에 달걀 흰자를 넣고, 핸드믹서의 거품기로 가장 센 단계에서 거품을 낸다.    거품이 풍성해지면, 설탕과 바닐라설탕을 넣고 핸드믹서의 거품기로 가장 센 단계에서 단단한 머랭 상태가 될 때까지 휘핑한다.   에 달걀 노른자를 1개씩 넣으며 충분히 풀어지도록 핸드믹서의 거품기로 가장 센 단계에서 1분씩 휘핑해 고운 크림상태가 되도록 한다.   체에 내린 박력분을 다시 한 번 체에 내린 다음 실리콘 주걱으로 가볍게 섞는다.   마지막에 녹인 버터, 따뜻하게 데운 우유, 럼주를 넣고 실리콘 주걱으로 골고루 섞는다.   중탕으로 녹여 준비한 다크커버처 초콜릿을 넣고 가볍게 섞어 마블을 만든다.   유산지를 깐 카스테라틀에 반죽을 붓고 스크래퍼로 표면을 평평하게 정리한다. 180℃로 예열한 오븐에 35~40분간 굽는다.   냄비에 우유를 넣고 중불에 올린 뒤 설탕을 넣고 끓어오르기 시작하면 불에서 내린다.   잘게 다진 다크커버처 초콜릿을 넣고 실리콘 주걱으로 저어 녹여 초코라떼를 완성한다.",,
오븐 없이 쉽게 할로윈데이 파티를 장식할 수 있는 초콜릿팝입니다.    한입에 녹아내리는 팝을 만들어 할로윈데이 파티에 간단하면서도 멋진 간식을 만들어 보세요.      화이트커버처 초콜릿을 잘게 자른다.   냄비에 생크림을 넣고 가장자리가 살짝 끓어오를 때까지 가열한 다음 불을 끈다.   화이트커버처 초콜릿을 넣어 녹인다.   일회용 짤주머니에 화이트 가나슈를 넣어 실온 상태로 식힌다.   준비된 화이트 트러플 쉘에 이 완전히 굳기 전에 피스타치오를 붙여서 호박 꼭지를 만든다.   초코펜으로 얼굴을 그려서 장식한다.,,
"부드럽고 쫄깃한 식감의 식빵에 코코아맛을 더했습니다.    홈베이킹의 묘미는 따끈따끈한 식빵을 바로 맛볼 수 있다는 것 아닐까요?     갓 구워나온 따뜻한 코코아 식빵에 버터만 살짝 곁들여 먹어도    그 달콤함과 부드러운 매력에서 빠져나오기 힘드실 거예요.       버터는 실온 상태가 되도록 냉장고에서 꺼내 30분 이상 둔다.     강력분은 체에 내린다.     물과 우유는 35℃ 정도로 데워 놓는다.     식빵틀에 철판이형제를 바른다.     오븐은 190℃로 15분간 예열한다.   큰 볼에 강력분, 코코아가루, 설탕, 소금, 탈지분유, 드라이이스트, 35℃로 따뜻하게 데워 놓은 물과 우유를 넣은 다음 핸드믹서 반죽기의 가장 약한 단계에서 5분 정도 반죽한다.   재료가 하나로 섞이면 버터를 넣고 5분간 더 반죽한다. 반죽이 매끄러운 상태가 되면 초코칩을 넣고 섞는다.   반죽을 동그랗게 뭉쳐 볼에 담고 45℃의 따뜻한 물에 중탕한 다음, 랩을 씌워 1시간 정도 1차 발효 한다.   반죽이 2배로 부풀면 주먹으로 눌러 가스를 빼고 저울을 이용해 반죽을 3등분 한다. 각각의 반죽을 둥글리기 한 다음 면보를 씌워 15분간 중간 발효한다.   반죽을 길쭉한 모양의 타원형이 되도록 밀대로 민다.   반죽의 양옆을 ⅓씩 안으로 접어 넣는다.   접어 놓은 반죽을 세로로 놓고 안쪽부터 잡아당기듯 돌돌 말아 끝 부분이 터지지 않도록 손끝으로 잘 집어 준다. 나머지 반죽도 같은 방법으로 만든다.   반죽을 식빵틀에 간격을 띄어 담고 면보를 씌운다. 따뜻한 곳에서 40~50분간 2차 발효 후 190℃로 예열한 오븐에 30~35분간 굽는다.",,
"가을철에 먹는 홍시는 별미죠.     가을철 달콤한 홍시를 무스케이크에 활용해 특별한 맛을 완성했습니다.     가을에 어울리는 케이크를 찾으셨던 분들에게 특별한 레시피가 될 수 있을 거예요.       바닐라 시트는 컵 크기에 맞게 잘라 준비한다.     홍시는 푸드프로세서를 이용해 곱게 갈아 준비한다.     장식용 판젤라틴은 사용하기 10분 전 미리 찬물에 10분간 불린다.   판젤라틴은 찬물에 10분 정도 불려 놓는다.   곱게 갈아 준비한 홍시에 설탕과 레몬즙을 넣고 손거품기로 10초간 가볍게 섞어준다.    미리 불려 준비한 판젤라틴은 물기를 제거한 후 전자레인지에 10초간 돌려 녹인 뒤, 볼에 넣고 손거품기로 가볍게 섞어준다.   다른 볼에 생크림을 넣고 핸드믹서 거품기의 가장 센 단계에서 부드러운 소프트 아이스크림 상태가 될 때까지 거품을 낸다.   을 부어 장식한다.",,
"고급스러운 디저트를 쉽게 즐길 수 있는 방법을 소개합니다.    캐러맬의 특유한 달콤함이 고소한 견과류를 덮어 고급스러운 맛을 연출할 수 있습니다.       건조크랜베리와 건조블루베리는 럼주에 담궈 준비한다.     생크림은 따뜻하게 준비한다.   냄비에 물을 넣고 안쪽을 적신 다음 냄비에 설탕과 물엿, 꿀을 넣고 중불에 올려 끓인다.   가장자리가 갈색으로 변하면 불을 끄고 따뜻한 생크림을 조금씩 넣으며 실리콘 주걱으로 골고루 섞는다.   견과류와 건과일을 넣고 실리콘 주걱으로 골고루 섞어준다.   준비한 시판용 과자 위에 필링을 올려 완성한다.",,
"쫄깃한 식감에 맛 좋은 단감을 넣어 가을 향기가 물씬 풍기는 찹쌀케이크입니다.     호두에 고소함 까지 더해져 어른들이 특히 좋아하시는 찹쌀케이크.     만들기 어렵지 않아 쉽게 도전하실 수 있습니다.       달걀은 실온에서 30분 이상 둔다.     찹쌀가루와 베이킹파우더는 체에 내린다.     호두는 잘게 다진다.     원형틀에 유산지를 깔아 둔다.     오븐은 180℃로 10분간 예열한다.   볼에 달걀을 넣고 손거품기로 풀어 준다.   설탕, 바닐라설탕, 소금을 2~3번에 나눠 넣으며 손거품기로 골고루 섞는다.   따뜻하게 데운 생크림과 우유를 천천히 부어 가며 손거품기로 골고루 섞는다.   찹쌀가루와 베이킹파우더를 넣고 실리콘 주걱으로 가루가 보이지 않을 때까지 가볍게 섞는다.   호두와 단감을 넣고 실리콘 주걱으로 가볍게 섞는다.   유산지를 깔아 둔 원형틀에 반죽을 담고 180℃로 예열한 오븐에 30분간 굽는다.",,
"달콤 쌉싸름한 맛의 코코아를 넣어 만든 마들렌은 쌀쌀해진 날씨에 따뜻한 우유와 함께 먹기 좋은 아이템입니다.    달콤한 바나나와 함께 만든 코코아우유도 코코아파우더를 맛있게 즐길 수 있는 또 하나의 방법이 될 거예요.       달걀은 실온에서 30분이상 둔다.     버터는 전자레인지에 30초 녹인다.     마들렌틀에 철판이형제를 바른다.     오븐은 170℃로 10분간 예열한다.   볼에 실온 상태의 달걀을 넣고 손거품기로 10초간 가볍게 풀어준다.   설탕과 꿀을 넣고 손거품기로 가볍게 섞는다.   박력분과 아몬드가루, 코코아가루, 베이킹파우더를 체에 내려 넣고 손거품기로 가볍게 섞는다.   녹인버터를 넣고 손거품기로 가볍게 섞는다.   랩을 씌워 냉장고에서 하루 정도 휴지시킨다.   철판이형제를 바른 마들렌틀에 숟가락으로 반죽을 80% 정도 담은 후, 170℃로 예열한 오븐에 넣어 12분간 굽는다.   바나나코코아우유는 볼에 우유, 바나나, 꿀을 넣고 코코아가루를 체에 내려 넣은 뒤 믹서기로 섞는다.",,
"10월에 맛있는 단감을 즐기는 여러가지 방법 중 바삭한 타르트와 함께 즐길 수 있는 베이킹 레시피를 소개합니다.    단감이 쏙쏙박힌 모양이 그대로 보여 보기에도 맛있는 단감타르트를 만들어 풍성한 가을을 즐겨보세요.       버터와 달걀은 실온상태가 되도록 냉장고에서 꺼내 30분 이상 둔다.     타르트틀에 철판이형제를 바른다.     오븐은 180℃로 10분간 예열한다.   볼에 실온 상태의 버터를 넣고 핸드믹서 거품기로 가장 약한 단계에서 부드러운 상태가 될 때까지 풀어 준다.   슈가파우더, 바닐라설탕, 소금을 조금씩 넣으며 버터와 충분히 섞이도록 핸드믹서 거품기로 가장 약한 단계에서 1분간 섞는다.   실온 상태의 달걀 노른자를 넣고 핸드믹서 거품기로 휘핑해 고운 크림 상태를 만든다.   박력분을 체에 내려 넣고, 실리콘 주걱으로 가볍게 섞는다.   완성된 반죽을 비닐에 넣고 손으로 눌러 가며 하나의 반죽 덩어리로 뭉친 후, 냉장고에 넣어 1시간 정도 휴지한다.   휴지한 반죽을 두께 3mm 정도가 되도록 밀대로 밀어 편 다음 철판이형제를 바른 타르트틀에 안쪽부터 손끝으로 눌러 가며 채워 넣고, 다시 냉장고에서 30분 정도 휴지한다.   포크로 바닥에 군데군데 구멍을 낸 후, 미리 180℃로 예열한 오븐에서 12분간 굽는다.   판젤라틴은 찬물에 10분정도 불린다.   우유에 박력분을 체쳐 넣고 덩어리 지지 않도록 손거품기로 섞는다.   냄비에 의 냄비에 넣고 실리콘 주걱으로 골고루 섞는다.   단감을 넣고 실리콘 주걱으로 가볍게 섞는다.   미리 구워놓은 타르트에 속 재료를 넣고 스크래퍼로 표면을 정리한다.",,
"선선한 바람이 불어오는 요즘, 따뜻한 커피한잔과 함께 브런치를 즐기는 여유가 필요한 날씨입니다.     브런치 메뉴로 만들기 어렵지 않은 스콘을 소개합니다.     견과류와 크림치즈를 함께 즐길 수 있어 무겁지 않은 메이플스콘.     쉽게 도전해 보시고 여유 있는 아침을 즐기세요.       넛트스프레드 견과류는 잘게 다져 준비한다.     쿠키팬에 유산지를 깐다.     오븐은 180℃로 10분간 예열한다.   푸드프로세서에 강력분, 베이킹파우더, 바닐라설탕, 소금을 넣고 가볍게 갈아준다.   차가운 버터를 깍둑썰기하여 넣고 고슬고슬한 상태가 될 때까지 갈아준다.   푸드프로세서에 메이플시럽과 우유, 생크림을 넣고 하나의 반죽으로 뭉쳐준다.   반죽을 비닐에 올리고 건포도와 호두를 넣고 손으로 눌러가며 하나의 반죽으로 뭉친다.   뭉친 반죽은 냉장고에 넣어 30분간 휴지시킨다.   휴지한 반죽을 두께 2cm 가 되도록 밀대로 밀어 핀 후, 지름 5cm 원형커터로 반죽을 찍어낸 다음 유산지를 깐 팬에 간격을 띄어 올린다.   달걀 노른자와 물을 섞어 붓을 이용해 반죽 표면에 바른 뒤, 180℃로 예열한 오븐에 넣어 20분간 굽는다.   볼에 크림치즈를 넣고 핸드믹서 거품기의 가장 약한 단계에서 부드러운 상태가 될 때까지 풀어준다.    메이플시럽과 잘게 다져서 준비한 견과류를 넣고 다시 한 번 가볍게 휘핑한다.",,
"팬케이크는 아이들이 좋아하는 간식거리죠.     아몬드 슬라이스를 듬뿍 올려 씹는 맛도 살린 팬케이크를 만들어 주세요.     시나몬향이 물씬나는 버터크림은 메이플시럽과 어우러져 향긋하면서도     팬케이크와 잘 어울리는 달콤함으로 아이들의 입맛을 사로잡을 거예요.       달걀은 실온상태로 준비한다.     반죽용 버터는 미리 녹여서 준비한다.     버터시나몬스프레드용 버터는 실온에 30분 이상 둔다.   볼에 달걀을 넣고 손거품기로 10초간 가볍게 풀어준 후, 설탕과 바닐라설탕, 소금을 넣고 손거품기로 가볍게 섞는다.   생크림과 우유를 넣고 손거품기로 가볍게 섞는다.   박력분과 베이킹파우더를 체에 내려 넣은 후 손거품기로 가볍게 섞는다.   미리 녹여서 준비한 버터를 넣고 다시 한 번 손거품기로 가볍게 섞는다.   기름을 살짝 두른 팬에 반죽을 일정량 올리고 아몬드슬라이스를 올려 앞뒤로 노릇하게 굽는다.   다른 볼에 버터를 넣고 핸드믹서 거품기의 가장 약한 단계에서 부드러운 상태가 될 때까지 풀어준다.    연유와 생크림, 계핏가루를 차례로 넣고 핸드믹서 거품기로 가장 약한 단계에서 휘핑한다.",,
"채소가 들어 있어 맛도 영양도 좋은 채소크래커.     당근이 콕콕 들어 있어 색감도 이쁜 과자 입니다.     버터 대신 올리브유를 사용해 야채와 어울리는 담백한 과자를 완성했습니다.     아이들 간식으로도 좋고 간단한 안주로도 좋은 채소크래커를 만들어 바삭한 시간을 만들어 보세요.         당근과 양파는 얇게 다져 물기를 제거해 준비한다.     쿠키팬에 유산지를 깐다.     오븐은 160~170℃로 10분간 예열한다.   볼에 올리브유, 설탕, 소금을 넣고 손거품기로 가볍게 섞어준다.   미리 다져서 물기를 제거한 당근과 양파를 넣고 손거품기로 가볍게 섞어준다.   박력분, 베이킹파우더를 체쳐 내리고 실리콘 주걱으로 가볍게 섞어준다. 가루가 80%정도 섞였을 때 파슬리가루를 넣고 실리콘 주걱으로 가볍게 섞는다.   바닥에 비닐을 깔고 밀가루를 뿌린 다음 반죽을 놓고 밀가루를 뿌려 비닐을 덮는다.    두께 3mm가 되도록 밀대로 얇게 밀어편다. 반죽이 붙지 않도록 원형 쿠키틀에 밀가루를 살짝 묻혀 모양을 찍어 낸다.   유산지를 깐 쿠키팬에 반죽이 서로 붙지 않도록 일정한 간격을 두고 올린다.    포크를 이용해 반죽 가운데 구멍을 내고 160~170℃로 예열한 오븐에 15분간 굽는다.",,
"양파는 채썰 때 우리의 눈을 맵게하는 아이지만    음식 재료 안에서는 특유의 알싸한 맛과 동시에 달콤한 맛과 향을 내주는 재미있는 식재료 입니다.     오늘은 양파물과 양파를 이용해 빵을 만들어 봤습니다.     특유의 양파 향이 향긋하면서도 빵 안에서 달콤한 맛을 내주므로 매력적인 빵입니다.       양파는 잘게 다져 준비한다.     쿠키팬에 유산지를 깐다.     오븐은 180℃로 10분간 미리 예열한다.   볼에 강력분, 소금, 드라이이스트, 제빵개량제, 꿀, 35℃의 따뜻한 우유, 양파갈은물을 넣은 다음 핸드믹서 반죽기로 가장 약한 단계에서 5분 정도 반죽한다.    재료가 섞이면 올리브유를 넣고 핸드믹서 반죽기로 5분간 더 반죽한다.   반죽이 매끄러운 상태가 되면 반죽을 동그랗게 뭉쳐 볼에 담고 45℃의 따뜻한 물에 중탕한 다음, 랩을 씌워 1시간정도 1차 발효 한다.   반죽이 2배로 부풀면 주먹으로 눌러 가스를 뺀다. 저울을 이용해 반죽을 60g씩 분할해서 둥글리기 한 다음 면보를 씌워 15분간 중간 발효시킨다.   잘게 다진 양파는 후라이팬에 소금과 후춧가루를 넣고 살짝 볶아준다.   의 양파를 반죽 위에 올린다.   피자치즈를 뿌린 후, 따뜻한 곳에서 40~50분간 2차발효 시키고 180℃로 예열한 오븐에 15분간 굽는다.",,
"안토시안 색소로 관심이 많은 블루베리를 쿠키 속에 넣었습니다.     보라색이 인상적인 쿠키죠.     상큼하게 씹히는 블루베리가 더해져 가볍게 즐기실 수 있는 쿠키입니다.     집에 블루베리와 함께 어울릴 만한 견과류가 있다면 함께 반죽 속에 넣고 말아서 구워도 맛있습니다.    건강도 생각한 쿠키를 구워서 지인과 나눠보세요.       버터와 달걀은 실온 상태가 되도록 냉장고에서 꺼내 30분 이상 둔다.     오븐은 180℃로 10분간 예열한다.   볼에 실온상태의 버터를 넣고 핸드믹서 거품기로 가장 약한 단계에서 30초간 풀어준다.   슈가파우더와 바닐라설탕, 소금을 2번에 나눠 조금씩 넣어 가며 부드러운 상태가 되도록 핸드믹서 거품기로 가장 약한 단계에서 2분간 휘핑한다.   실온 상태의 달걀 노른자를 넣고 핸드믹서 거품기로 가장 약한 단계에서 고운 크림 상태가 될 때까지 1분간 휘핑한다.   박력분, 아몬드가루를 체에 내려 넣고, 실리콘 주걱으로 가루가 보이지 않을 때까지 가볍게 섞는다.   반죽을 2등분 하여 한쪽에는 블루베리파우더를 체에 내리고 가루가 살짝 보일 정도로 실리콘 주걱으로 가볍게 섞어준다.   반죽을 각각 비닐봉투에 담고 손으로 눌러가며 하나의 반죽 덩어리로 뭉친 다음 냉장고에 30분 정도 휴지시킨다.   기본반죽과 블루베리반죽 모두 두께 0.3cm가 되도록 밀대로 얇게 민다.   기본반죽 위에 블루베리반죽을 올려 놓는다.   블루베리반죽 위에 건조블루베리를 올린다.   안쪽에서부터 공간이 남지 않도록 촘촘하게 말아준다. 반죽을 비닐에 싼 채로 냉장고에 넣어 1시간 이상 휴지 시킨다.   냉장고에서 휴지시킨 반죽을 꺼내 1cm 두께로 썬다. 유산지를 깐 쿠키팬에 서로 붙지 않도록 일정한 간격을 두어 올리고 180℃로 예열한 오븐에 12~15분간 굽는다.",,
"리치한 치즈프로스팅이 듬뿍 올라간 이번 당근머핀은      올리브유를 이용해 특유의 가벼운 느낌이 너무 잘 어울리는 머핀이랍니다.      가끔은 진한 크림치즈에 입이 즐거울 수 있도록 마음을 양보해 주세요.       달걀과 크림치즈는 실온 상태가 되도록 냉장고에서 꺼내 30분 이상 둔다.     당근은 채칼로 잘게 채 썬 다음 물기를 제거한다.     호두는 굵게 다진다.     머핀팬에 유산지를 깐다.     오븐은 180℃로 10분간 예열한다.   볼에 달걀을 넣고 손거품기로 가볍게 풀어준다.   흑설탕을 2~3번에 나눠 조금씩 넣어 가며 손거품기로 골고루 섞는다. 올리브유와 계핏가루를 체에 내려 손거품기로 섞는다.   박력분, 베이킹파우더를 체에 내려 넣고 실리콘 주걱으로 가볍게 섞는다.   채칼로 잘게 채 썬 당근과 굵게 다진 호두를 넣고 실리콘 주걱으로 골고루 섞는다.   유산지를 깔아둔 머핀틀에 반죽을 담고 180℃로 예열한 오븐에 20분간 구워서 식힘망에 얹어 식힌다.   다른 볼에 실온 상태의 크림치즈를 넣고 핸드믹서 거품기로 가장 약한 단계에서 부드러운 상태가 되도록 20초간 풀어준 다음 설탕을 넣고 핸드믹서 거품기로 가장 약한 단계에서 1~3분간 휘핑한다.   플레인요구르트를 넣고 핸드믹서 거품기의 가장 약한 단계에서 가볍게 풀어준다.   스패츌러를 이용해 머핀 윗면에 아이싱한다.",,
"부드러운 버터링쿠키에 홍차 향을 더해 입 안에서 홍차 향이 더욱 부드럽게 퍼지는 쿠키입니다.    홍차버터링쿠키 만으로도 충분하지만 홍차 향과 초콜릿은 너무나도    잘 어울리는 조화이기 때문에 초콜릿에 피스타치오를 뿌려 한 층 맛과 멋을 더했습니다.    가을의 분위기와 너무나도 잘 어울리는 홍차쿠키의 은은함을 따뜻한 우유 한잔과 함께 즐겨보세요.       버터와 달걀은 실온 상태가 되도록 냉장고에서 꺼내 30분 이상 둔다.     오븐은 180℃로 10분간 미리 예열한다.   볼에 실온상태의 버터를 넣고 핸드믹서 거품기로 가장 약한 단계에서 30초간 풀어준다.   설탕과 바닐라설탕, 소금을 2번에 나눠 조금씩 넣어 가며 부드러운 상태가 되도록 핸드믹서 거품기로 가장 약한 단계에서 2분간 휘핑한다.   실온 상태의 달걀 노른자를 넣고 핸드믹서 거품기로 가장 약한 단계에서 고운 크림 상태가 될 때까지 1분간 휘핑한다.   박력분을 체에 내려 넣고, 실리콘 주걱으로 가루가 보이지 않을 때까지 가볍게 섞는다.   홍차가루를 넣고 가볍게 섞는다.   별모양깍지를 끼운 짤주머니에 의 반죽을 담는다. 유산지를 깐 쿠키팬에 모양내어 짠 후, 180℃ 오븐에 12분간 굽는다.   완성된 쿠키는 식힘망에 올려 충분히 식힌다.   중탕으로 녹인 다크커버처 초콜릿에 쿠키 한쪽을 코팅한다. 초콜릿이 굳기 전에 다진 피스타치오를 올려 장식한다.",,
"사과가 맛있는 요즘 맛있는 사과를 이용한 매력적인 케이크를 소개합니다.    아삭거리는 사과와 향긋한 계피향이 느껴지는 부드럽고 촉촉한 케이크 입니다.    베이킹하기 좋은 계절 가을에 탐스러운 애플케이크를 만들어 보세요.       아몬드크림용 버터와 달걀은 실온에 30분 이상 둔다.     호두는 먹기 좋은 크기로 잘라놓는다.     원형 케이크틀에 유산지를 깐다.     오븐은 170℃로 10분간 미리 예열한다.   냄비에 얇게 저민 사과, 레몬즙, 설탕, 계핏가루를 넣고 3~5분간 조려서 식힌다. 조린 사과에 수분이 많을 경우 체에 거르면 반죽 안에서 더 잘 익습니다.   볼에 실온 상태의 버터를 넣고 핸드믹서의 거품기로 가장 약한 단계에서 부드러운 상태가 되도록 10초간 풀어 준다.    설탕과 바닐라설탕, 소금을 섞은 다음 조금씩 넣으며 부드러운 상태가 되도록 핸드믹서의 거품기로 가장 약한 단계에서 2분간 휘핑한다.   달걀을 2번에 나눠 넣으며 충분히 풀어지도록 1분씩 휘핑해 고운 크림 상태가 되도록 한다.   박력분과 베이킹파우더를 체에 내리고 실리콘 주걱으로 가볍게 섞어준다.   미리 준비한 호두를 넣고 실리콘 주걱으로 가볍게 섞는다.   유산지를 깔아둔 원형틀에 실리콘 주걱을 이용해 반죽을 넣는다. 실리콘 주걱을 이용해 윗면을 평평하게 한다.   의 케이크가 나오자마자 표면에 끓인 살구잼을 빵솔을 이용해 발라준다.",,
"고소한 통헤즐넛으로 장식해서 만든 헤즐넛쿠키를 소개해 드립니다.     모양도 예쁘고 맛도 좋아 남녀노소 누구나 좋아하는 쿠키 입니다.     나른한 오후에 커피 한잔에 헤즐넛쿠키로 피로를 날려버리세요.     감사한 마음을 담아 선물하기에도 아주 좋은 쿠키에요.       달걀과 버터는 실온 상태가 되도록 냉장고에서 꺼내 30분 이상 둔다.     쿠키팬에 유산지를 깐다.     오븐은 180℃로 10분간 미리 예열한다.   볼에 실온 상태의 버터를 넣고 핸드믹서 거품기의 가장 약한 단계에서 부드러운 상태가 되도록 30초간 풀어 준다.   설탕, 소금을 2~3번에 나눠 넣으며 핸드믹서 거품기로 가장 약한 단계에서 30초 가량 가볍게 섞는다.    계핏가루, 레몬껍질을 넣고 핸드믹서 거품기로 가장 약한 단계에서 30초간 가볍게 섞는다.   달걀 노른자를 넣고 핸드믹서 거품기의 가장 약한 단계에서 1분간 휘핑한다.   박력분과 아몬드가루를 체에 내린 후 실리콘 주걱으로 가볍게 섞는다.   반죽을 비닐에 넣고 돌돌 말아 원기둥 모양을 만든 다음 냉장고에 넣어 2시간 이상 휴지한다.   볼에 달걀 흰자를 넣고 핸드믹서 거품기로 가장 센 단계에서 20초간 풀어 준다.    거품이 풍성하게 일면 설탕을 조금씩 넣으며 단단한 거품이 되도록 핸드믹서 거품기의 가장 센 단계에서 2분간 휘핑한다.   아몬드가루를 체에 내려 넣고, 실리콘 주걱으로 가볍게 섞는다.    원형깍지를 끼운 짤주머니에 담는다.   의 머랭을 짜고, 그 위에 통헤즐넛을 올려 장식한다.    180℃로 예열한 오븐에 15분간 구워 식힘망에 얹고 식힌다.",,
"아몬드크림에서 느껴지는 밤 특유의 고소함과 달콤함으로 가을을 한껏 품은 타르트를 완성했습니다.    가을이 주는 선물인 밤을 이용해 만드는 타르트는 더 큰 선물이 될 수 있는 아이템입니다.    밤타르트를 만들어 풍성한 가을을 나눠보세요.       아몬드크림용 버터와 달걀은 실온에 30분 이상 둔다.     타르트틀에 철판이형제를 바른다.     오븐은 180℃로 10분간 미리 예열한다.   푸드프로세서에 박력분을 체쳐 내리고 설탕, 바닐라설탕, 소금을 넣고 가볍게 섞어준다.   푸드프로세서에 찬물과 차가운 버터를 깍둑썰기 해서 넣어 하나의 반죽이 되도록 섞는다.   완성된 반죽을 비닐에 넣고 손으로 눌러 가며 하나의 반죽 덩어리로 뭉친 후, 냉장고에 넣어 30분 정도 휴지한다.   휴지한 반죽을 두께 0.3cm 정도가 되도록 밀대로 편다. 철판이형제를 바른 타르트틀에 안쪽부터 손끝으로 눌러 가며 채워 넣는다.   포크로 바닥에 군데군데 구멍을 낸다. 180℃로 예열한 오븐에 넣어 12분간 구운 다음 식힘망에 얹어 충분히 식힌다.   볼에 마롱페이스트를 넣고 생크림을 조금씩 넣어가며 핸드믹서 거품기의 가장 약한 단계에서 휘핑한다.    럼주를 넣고 다시 한 번 가볍게 휘핑한다.   다른 볼에 버터를 넣고 핸드믹서 거품기의 가장 약한 단계에서 부드러운 상태가 될 때까지 풀어준다.    슈가파우더와 바닐라설탕을 2번에 나눠 넣으며 버터와 충분히 섞이도록 핸드믹서 거품기로 가장 약한 단계에서 휘핑한다.   달걀을 넣고 핸드믹서의 거품기로 가장 약한 단계에서 휘핑해 고운 크림상태로 만든다.   아몬드가루와 박력분을 체에 내려 넣고 실리콘 주걱으로 가볍게 섞는다. 마지막에 럼주를 넣고 다시 한 번 가볍게 섞어준다.   에 완성된 아몬드크림을 채우고 표면을 평평하게 정리한다. 보늬밤을 먹기 좋은 크기로 잘라서 올린 다음 180℃로 예열한 오븐에 35~40분간 굽는다.",,
"가끔 추억의 맛처럼 기억에 남아 문득 먹고 싶은 고구마케이크.    식이섬유소가 풍부하게 들어가 있는 가을 제철 고구마를 이용해서 기억 속 고구마 케이크를 만들어 보세요.    부드러운 크림에 녹아있는 달콤한 고구마맛은 누구나 좋아할 만한 간식거리가 될 수 있습니다.       달걀은 실온 상태가 되도록 냉장고에서 꺼내 30분 이상 둔다.     고구마는 미리 삶아 껍질을 까서 준비한다.     냄비에 물과 설탕을 넣고 끓인 뒤 한김 식으면 럼주를 넣어 시럽을 완성한다.     원형틀에 유산지를 깐다.     무스틀에 무스띠를 두른다.     오븐은 180℃로 10분간 미리 예열한다.   볼에 달걀 2개를 넣고 핸드믹서 거품기의 가장 센 단계에서 휘핑해 거품을 낸다. 큰 거품이 일어나면 설탕, 바닐라설탕을 2~3번에 나눠 넣으면서 휘핑한다.   반죽을 들어 올렸을 때 되직하게 떨어지면서 볼에 리본 모양으로 겹치면 완성된 것이다. 핸드믹서 거품기의 가장 약한 단계에서 기포를 정리한다.   박력분, 옥수수전분, 베이킹파우더를 체에 내려 넣고 실리콘 주걱으로 가볍게 재빨리 섞는다.   유산지를 깐 원형틀에 반죽을 채우고 180℃ 오븐에서 25분간 굽는다.   시트가 완전히 식으면 빵칼을 이용해 시트를 3단으로 자르고 시트 윗면에 시럽을 바른다.   볼에 미리 삶아서 준비한 고구마를 으깨어 넣고, 커스타드크림과 꿀을 넣고 핸드믹서 거품기의 가장 약한 단계에서 휘핑한다.    생크림을 조금씩 넣어가며 핸드믹서 거품기로 휘핑한다.   무스띠를 두른 무스틀에 에 남은 시트 한장을 곱게 갈아 케이크 윗면과 옆면에 붙인다.   피스타치오와 구운 고구마를 이용해 케이크를 장식한다.",,
"스콘은 담백한 맛으로 아침에 커피나 우유와 함께 간단히 즐기기에 좋은 메뉴입니다.     오늘의 스콘은 통밀을 넣어 고소함을 더하고 윗면에 직접 만든 캐러맬을 올려 고급스러운 맛을 추가했답니다.     캐러맬의 달콤 쌉싸름한 맛이 가미되어 있어 아침의 아메리카노와 즐기기 더욱 좋은 캐러맬넛트스콘.     내일 아침을 위해 오늘 저녁 스콘만들기에 도전해 보세요.       쿠키팬에 유산지를 깐다.     오븐은 180℃로 10분간 예열한다.   냄비에 물을 넣고 안쪽을 적신 다음 냄비에 설탕과 물을 넣고 중불에 올려 끓인다.   가장자리가 갈색으로 변하면 불을 끄고 따뜻한 생크림을 조금씩 넣으며 실리콘 주걱으로 골고루 섞어 캐러맬을 만들어 식힌다.   푸드프로세서에 강력분, 박력분, 통밀가루, 베이킹파우더, 소금을 넣고 가볍게 갈아준 다음, 차가운 버터를 깍둑썰기하여 넣고 고슬고슬한 상태가 될 때까지 갈아준다.   푸드프로세서에 의 캐러맬과 생크림을 넣고 하나의 반죽으로 뭉쳐준다.   반죽을 비닐에 올리고 호두, 마카다미아, 피스타치오를 넣고 손으로 눌러가며 하나의 반죽으로 뭉친 다음, 냉장고에 넣어 30분간 휴지시킨다.   휴지한 반죽을 두께 2cm가 되도록 밀대로 밀어 핀 다음, 지름 5cm 원형커터로 반죽을 찍어낸 다음 유산지를 깐 팬에 간격을 띄어 놓고 180℃로 예열한 오븐에 넣어 20분간 굽는다.",,
"잣은 불포화지방산이 함유되어있어 피부미용에 좋고 비타민E 성분은     항산화 작용이 뛰어나 노화를 막아주는 등 몸에 좋은 견과류 중 하나로 알려져 있습니다.     오늘의 타르트는 아몬드크림과 커스타드크림, 두 가지 필링의 조화가 잣과 너무나도 잘 어울리는 잣타르트.     기존에 타르트보다 색다른 맛을 원한다면 잣타르트에 도전해 보는것은 어떨까요.       버터와 달걀은 실온에 30분 이상 둔다.     타르트틀에 철판이형제를 바른다.     오븐은 180℃로 10분간 예열한다.   볼에 버터를 넣고 핸드믹서 거품기의 가장 약한 단계에서 부드러운 상태가 될 때까지 풀어준다.    슈가파우더와 바닐라설탕 소금을 조금씩 넣으며 버터와 충분히 섞이도록 핸드믹서 거품기로 가장 약한 단계에서 휘핑한다.   실온상태의 달걀 노른자를 넣고 핸드믹서 거품기로 휘핑해 고운 크림상태를 만든다.   박력분을 체에 내려 넣고 실리콘 주걱으로 가볍게 섞는다.   완성된 반죽을 비닐에 넣고 손으로 눌러 가며 하나의 반죽 덩어리로 뭉친 후, 냉장고에 넣어 30분 정도 휴지한다.   휴지한 반죽을 두께 0.3cm 정도가 되도록 밀대로 편다. 철판이형제를 바른 타르트틀에 안쪽부터 손끝으로 눌러 가며 채워 넣는다.   포크로 바닥에 군데군데 구멍을 낸다. 180℃로 예열한 오븐에 넣어 12분간 구운 다음 식힘망에 얹어 충분히 식힌다.   커스터드크림용 우유와 박력분을 섞어준 뒤, 체에 걸러가며 냄비에 넣는다.   냄비를 중불에 올리고 눌러 붙지 않도록 실리콘 주걱으로 저어가며 끓인다. 설탕을 넣고 보글보글 끓을 때까지 끓인 다음 불에서 내린다.   달걀 노른자를 넣고 실리콘 주걱으로 섞는다. 완성된 커스터드크림은 공기에 닿지 않도록 표면에 랩을 밀착시킨 후 냉장고에 넣어 차갑게 식힌다.   볼에 아몬드크림용 버터를 넣고 핸드믹서 거품기의 가장 약한 단계에서 부드러운 상태가 될 때까지 풀어준다.    슈가파우더와 바닐라설탕을 넣고 핸드믹서 거품기로 휘핑한다.    실온상태의 달걀을 넣고 풀어준 뒤 아몬드가루를 넣고 핸드믹서 거품기로 가장 약한 단계에서 가볍게 휘핑한다.   충분히 식은 의 아몬드 크림을 올린다.   잣을 올린 뒤 170℃로 예열한 오븐에 30~35분간 굽는다.",,
달고 굵은 밤을 뜻하는 마론위에 올린다.   시트를 안쪽에서부터 둥글려가며 말아준 다음 유산지에 싸서 냉장고에 넣어 30분간 차갑게 식힌다.,,
"키쉬는 식사대용으로 먹을 수 있는 파이입니다.    오늘은 요즘 맛있는 감자를 듬뿍 넣은 키쉬를 준비했습니다.    브런치로 손색없은 키쉬를 만들어 맛있는 오전 시간의 여유를 가져보세요.       감자는 미리 삶아서 준비한다.     타르트틀에 철판이형제를 바른다.     오븐은 180℃로 10분간 예열한다.   푸드프로세서에 박력분, 달걀 노른자, 소금, 차가운 버터를 깍둑썰기하여 넣고 가장 센 단계에서 10초간 돌리다가 재료가 섞이면 찬물을 넣고 15초간 더 돌린다.   반죽이 뭉쳐지면 비닐봉투에 담아 냉장고에 넣어 1시간 이상 휴지시킨다.   휴지한 반죽을 두께 0.3cm 정도가 되도록 밀대로 편다. 철판이형제를 바른 타르트틀에 안쪽부터 손끝으로 눌러 가며 채워 넣고, 포크로 바닥에 군데군데 구멍을 낸다. 180℃로 예열한 오븐에 넣어 12~15분간 굽는다.   미리 준비한 감자와 베이컨은 먹기 좋은 크기로 잘라서 준비한다.   위에 필링을 붓는다.   피자치즈와 파슬리가루를 뿌리고 180℃로 예열한 오븐에 넣어 30분간 굽는다.",,
"백앙금의 달콤함에 아몬드가루의 고소함을 더한 상투과자는 만들기도 어렵지 않고 가볍게 즐길 수 있는 간식거리입니다.    상투과자가 일본에서 우리나라로 처음 들어왔을 때는 '구리볼'로 알려지다가    상투와 모양이 비슷하다하여 상투과자라고 불리우기 시작했다고 합니다.    이제는 색과 맛도 여러가지인 변화무쌍한 상투과자를 손쉽게 만들어 보세요.       백앙금은 실온상태로 준비한다.     쿠키팬에 유산지를 깐다.     짤주머니에 깍지를 넣어 준비한다.     오븐은 180℃로 10분간 예열한다.   볼에 실온 상태의 흰 팥앙금을 넣고 핸드믹서 거품기로 가장 약한 단계에서 부드러운 상태가 되도록 30초간 풀어준다.   아몬드가루를 덩어리지지 않도록 손으로 쳐가며 체에 내린다.   생크림과 물엿을 넣고 핸드믹서 거품기로 가장 약한 단계에서 30초간 가볍게 섞어 되직한 상태의 반죽을 완성한다.   반죽을 3등분 하여 각각 녹차가루, 백년초가루, 호박가루를 체에 내린다. 핸드믹서 거품기로 20초간 가볍게 섞어 반죽을 완성한다.   모양깍지를 끼운 짤주머니에 각각의 반죽을 넣는다.   유산지를 깐 팬에 상투과자 모양을 만들며 각각의 반죽을 짠 다음 180℃로 예열한 오븐에 넣어 15분간 굽는다.",,
"달콤한 밤과 함께 구워낸 보늬밤 파운드케이크는 부드러운 식감과 함께 고급스러운 맛을 자랑하는 케이크입니다.    파운드케이크는 선물용으로 많이 찾는 아이템이죠.    이번 추석때는 내 손으로 직접 만든 파운드케이크를 선물해 보시는건 어떠세요?       버터, 달걀, 우유는 실온 상태가 되도록 냉장고에서 꺼내 30분 이상 둔다.     파운드케이크틀에 철판이형제를 바른다.     오븐은 180℃로 15분간 예열한다.   볼에 실온 상태의 버터를 넣고 핸드믹서의 거품기로 가장 약한 단계에서 부드러운 상태가 되도록 10초간 풀어준다.   메이플시럽과 바닐라 설탕을 넣고 부드러운 상태가 되도록 핸드믹서의 거품기로 가장 약한 단계에서 2분간 휘핑한다.   달걀은 1개씩 넣으며 충분히 풀어지도록 1분씩 휘핑해 고운 크림 상태가 되도록 한다.   밤페이스트를 넣고 부드러운 상태가 되도록 핸드믹서의 거품기로 가장 약한 단계에서 1분간 휘핑한다.   박력분과 아몬드가루, 베이킹파우더를 체에 내리고 실리콘 주걱으로 가볍게 섞어준다. 우유를 넣고 실리콘 주걱으로 가볍게 섞어준다.   파운드 틀에 반죽을 넣고 윗면을 평평하게 한 다음, 미리 준비해둔 보늬밤을 파운드 위에 얹고 예열한 170℃ 오븐에 30~40분간 굽는다.",,
"몸에 좋은 견과류들의 반란.    견과류를 캐러맬과 함께 타르트 위에 듬뿍 올렸습니다.    캐러맬과 함께 견과류의 고소함을 극대화시킨 타르트죠.    한 번 맛본다면 한 번쯤은 달콤하게 견과류를 즐기는 것도 나쁘지 않다는 것을 느낄 수 있을 거예요.       버터와 달걀은 실온에 30분 이상 둔다.     타르트틀에 철판이형제를 바른다.     오븐은 180℃로 10분간 예열한다.   볼에 버터를 넣고 핸드믹서 거품기의 가장 약한 단계에서 부드러운 상태가 될 때까지 풀어준다.    슈가파우더와 바닐라설탕 소금을 조금씩 넣으며 버터와 충분히 섞이도록 핸드믹서 거품기로 가장 약한 단계에서 휘핑한다.   실온상태의 달걀 노른자에 인스턴트 커피를 가볍게 풀어준 뒤, 의 타르트에 속재료를 넣어 완성한다.",,
"고소한 호두가 달콤한 백앙금과 잘 어울어지는 밤과자는 부드러운 식감으로 어른들이 좋아하시는 간식거리입니다.    고소하고 담백한 맛을 내는 밤과자는 만든 만큼 보람이 있는 아이템이죠.     추석 선물용으로도 손색이 없는 밤과자를 만들어 마음을 담은 선물을 준비하세요.       버터, 달걀은 실온 상태가 되도록 냉장고에서 꺼내 30분 이상 둔다.     쿠키팬에 유산지를 깐다.     오븐은 170℃로 10분간 예열한다.   볼에 실온 상태의 버터를 넣고 핸드믹서 거품기의 가장 약한 단계에서 부드러운 상태가 될 때까지 풀어준다.    설탕을 넣고 핸드믹서의 거품기로 가장 약한 단계에서 30초간 휘핑한다.   실온상태의 달걀을 넣고 핸드믹서의 거품기로 휘핑해 고운 크림상태로 만든다.    물엿과 연유를 넣고 핸드믹서의 거품기로 가볍게 섞는다.   박력분과 아몬드가루, 베이킹소다를 체에 내려 넣고 실리콘 주걱으로 가볍게 섞는다.   반죽을 비닐에 넣고 냉장고에서 1시간 이상 휴지한다.   1시간 이상 휴지시킨 반죽을 30g씩 나누고 동그랗게 빚는다.   비닐 사이에 반죽을 넣고 밀대로 동그랗게 반죽을 밀어 편다.   흰앙금은 25g씩 분할해 동그랗게 빚어 윗면에 골고루 바른다.   호두와 해바라기씨를 얹은 뒤, 170℃로 예열한 오븐에 12~15분간 굽는다.",,
"만들기 쉬운 밤양갱과 녹차양갱을 만들어 가족들의 간식을 책임져 보세요.    가족들이 다 모인 명절 날 어른들부터 아이들까지  모두의 입맛을    만족 시킬 달콤한 양갱으로 달콤한 시간을 완성해 보세요.      밤통조림의 밤은 물기를 빼서 준비한다.   물에 한천가루를 넣고 10분 동안 불려준다. 냄비에 불린 한천가루를 넣고 중불에서 가볍게 끓여준다.   설탕, 소금을 넣고 다시 한 번 중불에서 가볍게 끓여 준다.   끓어오르면 단팥을 넣고 실리콘 주걱으로 잘 풀어준다.   냄비를 불에서 내린 다음 물엿을 넣고 실리콘 주걱으로 가볍게 섞어준다.   양갱몰드에 밤을 깔아준다.   밤을 깔아 놓은 틀에 를 채워 넣은 뒤 서늘한 곳에서 굳힌다.",,
"복숭아를 블루베리와 라즈베리등 달콤한 베리류와 함께 무스의 부드러움을 즐길 수 있는 떠먹는 무스케이크 입니다.     다양한 맛을 한입에서 맛볼 수 있는 매력적인 아이템입니다.       냄비에 물, 설탕을 넣어 끓이고 차갑게 식힌 후 럼주를 넣어 시럽을 완성한다.     크림치즈와 사워크림은 실온상태가 되도록 냉장고에서 꺼내 30분 이상 둔다.     장식용 건조크랜베리와 건조블루베리는 럼주에 절인다.     복숭아통조림에 복숭아를 곱게 갈아 복숭아 퓨레를 만든다.   디저트컵에 시판용 시트를 2장씩 찍어 준비한다. 디저트컵에 준비한 시트 1장을 깔아준다.   시트에 미리 만들어 둔 시럽을 빵솔로 발라준다.   볼에 실온 상태의 크림치즈를 넣고 핸드믹서 거품기로 가장 약한 단계에서 크림상태가 되도록 20초간 풀어 준다.   설탕과 바닐라 설탕을 넣고 핸드믹서 거품기로 가장 약한 단계에서 10초간 풀어 준다.   복숭아퓨레를 넣고 핸드믹서 거품기로 가장 약한 단계에서 가볍게 풀어 준다.      다른 볼에 생크림을 넣고 핸드믹서 거품기의 가장 센 단계에서 부드러운 소프트아이스크림 상태가 될 때까지 거품을 내고, 오렌지술을 넣는다.   의 볼에 휘핑한 생크림을 2~3번에 나누어 넣고 실리콘 주걱으로 가볍게 섞어준다.   시트를 깔아 준비한 디저트 컵에 6의 필링을 1/2씩 넣는다.   필링 위에 장식용 크랜베리와 블루베리, 복숭아를 올린다.   미리 준비한 시트 1장을 올린다.   나머지 필링을 붓고 스크래퍼로 표면을 평평하게 정리한다.",,
"폼므는 프랑스어로 사과를 뜻하는 단어입니다.     사과를 이용한 귀엽고 깜찍한 디저트를 알려드립니다.     시중에 나오는 사과통조림을 이용하셔도 좋고,    요즘 제철인 아오리 사과를 살짝 조려서 사용해도 치즈와 함께 어울리는 상큼한 디저트가 탄생합니다.       버터, 달걀, 크림치즈는 실온 상태가 되도록 냉장고에서 꺼내 30분 이상 둔다.     박력분과 아몬드가루는 체에 내린다.     미니머핀틀에 철판이형제를 바른다.     오븐은 170℃로 10분간 예열한다.   볼에 실온 상태의 버터를 넣고 핸드믹서 거품기로 가장 약한 단계에서 부드러운 상태가 될 때까지 풀어 준다.   슈거파우더와 바닐라설탕을 조금씩 넣으며 버터와 충분히 섞이도록 핸드믹서 거품기로 가장 약한 단계에서 휘핑한다.   실온 상태의 달걀노른자를 넣고 핸드믹서 거품기로 휘핑해 고운 크림 상태를 만든다.   박력분과 아몬드가루를 체에 내려 넣고, 실리콘 주걱으로 가볍게 섞는다.   완성된 반죽을 비닐에 넣고 손으로 눌러 가며 하나의 반죽 덩어리로 뭉친 후, 냉장고에 넣어 1시간 정도 휴지한다.   휴지한 반죽을 두께 3mm 정도가 되도록 밀대로 밀고, 밀가루를 묻힌 원형 쿠키커터로 찍어 낸다.   철판이형제를 바른 미니 머핀틀에 반죽을 안쪽부터 손끝으로 눌러 가며 채워 넣고, 포크로 바닥에 구멍을 낸 다음 냉장고에서 30분 정도 휴지한다.   볼에 달걀노른자를 넣고 손거품기로 살짝 풀어주다가 분량의 설탕과 바닐라설탕을 넣고 손거품기로 저어가며 풀어준다.   냄비에 우유를 넣고 중불에서 끓이다가 끓어오르기 직전에 불에서 내린다.   에 필링을 붓고 스트로이젤을 위에 뿌려준 뒤 180℃로 예열한 오븐에 15~20분간 굽는다.",,
"취향대로 포도를 즐길 수 있는 방법 중 하나는 타르트 위를 장식하는 방법이겠죠?      바삭한 타르트지와 부드러운 치즈필링, 상큼한 포도가 조화를 이루는 레시피입니다.      다양한 과일과 궁합을 자랑하는 치즈타르트는 다른 과일로도 응용이 가능하세요.       버터와 달걀, 크림치즈는 실온에 30분 이상 둔다.     타르트틀에 철판이형제를 바른다.     오븐은 180℃로 10분간 예열한다.   볼에 버터를 넣고 핸드믹서 거품기의 가장 약한 단계에서 부드러운 상태가 될 때까지 풀어준다.   슈가파우더와 바닐라설탕 소금을 조금씩 넣으며 버터와 충분히 섞이도록 핸드믹서 거품기로 가장 약한 단계에서 휘핑한다.   실온상태의 달걀노른자를 넣고 핸드믹서 거품기로 휘핑해 고운 크림상태를 만든다.   박력분을 체에 내려 넣고 실리콘 주걱으로 가볍게 섞는다.   완성된 반죽을 비닐에 넣고 손으로 눌러 가며 하나의 반죽 덩어리로 뭉친 후, 냉장고에 넣어 30분 정도 휴지한다.   휴지한 반죽을 두께 0.5cm 정도가 되도록 밀대로 편다. 철판이형제를 바른 타르트틀에 안쪽부터 손끝으로 눌러 가며 채워 넣는다.   포크로 바닥에 군데군데 구멍을 낸다. 180℃로 예열한 오븐에 넣어 12분간 구운 다음 식힘망에 얹어 충분히 식힌다.   젤라틴은 찬물에 10분 정도 불려 놓는다.   볼에 실온 상태의 크림치즈를 넣고 핸드믹서 거품기로 가장 약한 단계에서 부드러운 상태가 되도록 20초간 풀어 준다.   사워크림을 넣고 핸드믹서 거품기로 10초간 풀어 준다. 설탕과 바닐라설탕을 넣고 핸드믹서 거품기로 10초씩 풀어 준다.   위에 포도를 올린다.   포도 위에 붓을 이용해 미로와를 발라 완성한다.",,
여름을 대표하는 이름 수박.     수박을 가지고 시원한 샤베트를 만들어 더위의 끝자락을 시원하게 날려 버리세요.     지친 하루를 기분 좋게 마무리 해줄 레시피입니다.     수박을 믹서기를 이용해 곱게 간다.   설탕을 넣고 손거품기로 가볍게 섞는다.   플레인요구르트와 레몬즙을 넣고 손거품기로 가볍게 섞는다.   탄산수를 넣고 손거품기로 가볍게 섞는다.   를 디저트 컵에 담은 뒤 냉동고에서 1시간 이상 굳힌다.,,
"다크초콜릿은 특유의 쌉싸름한 맛은 다른 재료들과 어우러 지면서 고급스러운 디저트맛을 연출해 냅니다.     더운 여름철에 시원하면서도 고급스러운 디저트를 만들어서 중요한 시간들의 마지막을 멋지게 장식해보세요.      원형무스틀에 무스띠를 두른다.   무스띠를 두른 원형무스틀 바닥에 스펀지 시트를 깐다.   냄비에 생크림, 휘핑크림을 넣고 따뜻하게 데운다.   냄비에 다크커버처 초콜릿을 넣고 실리콘 주걱으로 초콜릿이 다 녹을 때까지 골고루 섞는다.   볼에 생크림을 넣고 핸드믹서 거품기의 가장 센 단계에서 부드러운 소프트 아이스크림 상태가 될 때까지 휘핑한 다음 초콜릿술을 넣어 풍미를 더한다.   의 글라사쥬를 부어 표면을 코팅한다.",,
"팥빙수는 여름철 별미죠.     팥을 색다르게 즐길 수 있는 레시피를 알려드립니다.     슈 안에 들어있는 단팥크림은 만들기 어렵지 않으면서도 그 달콤함은 충분히 매력있는 아이템입니다.       우유, 버터, 달걀은 실온에 30분이상 둔다.     쿠키팬에 유산지를 깐다.     오븐은 200℃로 15분간 예열한다.   냄비에 물, 버터, 소금을 넣은 다음 중불에서 버터가 녹고 물이 끓어오를 때까지 끓인다.   불에서 내린 다음 박력분을 체에 내려 넣고, 반죽이 뭉치지 않도록 실리콘 주걱으로 가볍게 섞어 하나의 덩어리로 만든다.   냄비를 중불에 올리고 앞뒤로 반죽을 굴리며 1분간 열을 가한다. 반죽을 볼에 옮겨 담고 1~2분간 한김 식힌다.   반죽에 달걀을 1개씩 넣으며 잘 섞이도록 핸드믹서로 가장 약한 단계에서 1분간 반죽한다.   원형깍지를 끼운 짤주머니에 반죽을 넣고 유산지를 깐 쿠키팬에 간격을 띄어 지름 2cm 정도가 되도록 짠다.    반죽 표면에 스프레이로 물을 충분히 뿌린다.    반죽에서 위로 솟은 부분은 손가락에 물을 묻혀 살짝 누른다.    200℃로 예열한 오븐에 20~25분간 굽고 식힘망에 얹어서 충분히 식힌다.   볼에 생크림을 넣고 핸드믹서 거품기의 가장 센 단계에서 부드러운 소프트 아이스크림 상태가 될 때까지 거품을 낸다.   단팥과 연유를 넣고 다시 한 번 핸드믹서 거품기로 10초간 풀어준다. 완성된 크림은 짤주머니에 넣는다.   충분히 식힌 슈는 빵칼로 칼집을 내고 필링을 슈에 가득 짠 뒤 냉동고에 30분 이상 넣는다.",,
다크초콜릿의 쌉싸름한 매력을 생크림으로 부드럽게 조화시킨 오늘의 무스케이크는    한 입 한 입 먹을 때마다 그 매력에 더욱 깊이 느낄 수 있는 메뉴입니다.    초콜릿을 좋아하는 분들이라면 Black이 주는 달콤한 유혹에 빠져보세요.       오레오쿠키는 커터에 곱게 간다.     버터는 중탕으로 녹인다.     미니 무스틀에 무스띠를 두른다.     판젤라틴은 찬물에 10분간 불린다.   볼에 곱게 간 오레오쿠키와 녹인 버터를 넣고 골고루 섞는다.   무스띠를 두른 미니틀 바닥에 위에 으깬 오레오쿠키를 뿌리고 다시 냉장고에 넣어 2시간 정도 차갑게 굳힌다.,,
다크초콜릿의 쌉싸름한 매력을 생크림으로 부드럽게 조화시킨 오늘의 무스케이크는    한 입 한 입 먹을 때마다 그 매력에 더욱 깊이 느낄 수 있는 메뉴입니다.    초콜릿을 좋아하는 분들이라면 Black이 주는 달콤한 유혹에 빠져보세요.       오레오쿠키는 커터에 곱게 간다.     버터는 중탕으로 녹인다.     미니 무스틀에 무스띠를 두른다.     판젤라틴은 찬물에 10분간 불린다.   볼에 곱게 간 오레오쿠키와 녹인 버터를 넣고 골고루 섞는다.   무스띠를 두른 미니틀 바닥에 위에 으깬 오레오쿠키를 뿌리고 다시 냉장고에 넣어 2시간 정도 차갑게 굳힌다.,,
"노란색 바닐라크림이 꽉 차있는 기존의 슈 만큼이나 매력적인 슈를 소개합니다.    새콤달콤한 재미있는 맛을 가진 라즈베리를 이용해 부드러운 슈를 꽉 채웠습니다.    사랑스런 핑크빛이 주는 신선한 맛을 만들어보세요.       버터와 댤걀, 크림치즈, 사워크림, 라즈베리퓨레는 실온에 30분 이상 둔다.     쿠키팬에 유산지를 깔아 둔다.     오븐은 200℃로 15분간 예열한다.     가루젤라틴을 찬물 2큰술에 넣어 10분 정도 불린다.   냄비에 물, 버터, 소금을 넣은 다음 중불에서 버터가 녹고 물이 끓어오를 때까지 끓인다.   불에서 내린 다음 박력분을 체에 내려 넣고, 반죽이 뭉치지 않도록 실리콘 주걱으로 가볍게 섞어 하나의 덩어리로 만든다.   냄비를 중불에 올리고 앞뒤로 반죽을 굴리며 1분간 열을 가한다. 반죽을 볼에 옮겨 담고 1~2분간 한김 식힌다.   반죽에 달걀을 1개씩 넣으며 잘 섞이도록 핸드믹서로 가장 약한 단계에서 1분간 반죽한다.   원형깍지를 끼운 짤주머니에 반죽을 넣고 유산지를 깐 쿠키팬에 간격을 띄워 지름 2cm 정도가 되도록 짠다.    반죽표면에 스프레이로 물을 충분히 뿌린다. 반죽에서 위로 솟은 부분은 손가락에 물을 묻혀 살짝 누른다.    200℃로 예열한 오븐에 20~25분간 굽고 식힘망에 얹어서 충분히 식힌다.   볼에 실온 상태의 크림치즈를 넣고 핸드믹서 거품기로 가장 약한 단계에서 부드러운 상태가 되도록 20초간 풀어 준다.   설탕과 사워크림을 넣고 핸드믹서 거품기로 10초간 풀어준다.   실온 상태의 라즈베리퓨레를 넣고 핸드믹서 거품기로 가볍게 풀어 준다.   불려 놓은 젤라틴을 중탕으로 녹인 뒤, 에 넣고 핸드믹서 거품기로 가장 약한 단계에서 10초간 섞어준다.   완성된 필링은 짤주머니에 넣는다.   충분히 식힌 슈는 빵칼로 칼집을 내고 필링을 슈에 가득 짠 뒤, 냉동고에 1시간 정도 굳힌다.",,
시원하게 즐기는게 제맛인 망고는 제과에서도 여름철 즐겨 쓰는 식재료 중 하나죠.    오늘은 망고를 시원한 케이크로 즐기는 방법을 소개합니다.    어렵지 않게 망고 아이스케이크를 만들어 시원한 티타임을 즐겨보세요.       망고퓨레는 냉동실에서 꺼내 실온 상태에 둔다.     판젤라틴은 찬물에 10분간 불린다.     원형무스틀에 무스띠를 두른다.   스펀지 시트를 무스띠를 두른 원형무스틀 사이즈에 맞게 잘라 바닥에 깐다.   볼에 실온상태의 망고퓨레와 설탕 레몬즙을 넣고 손거품기로 가볍게 섞는다.   물에 불린 판젤라틴은 손으로 짜서 물기를 제거하고 중탕으로 녹인다.    중탕으로 녹인 젤라틴은 의 속재료를 넣고 스패츌러로 표면을 평평하게 정리한 다음 냉장고에서 2시간 정도 굳힌다.   망고퓨레와 미로와를 섞어 케이크 위에 바른 다음 망고와 애플민트를 올려 장식한다.,,
"시원한 아이스크림을 부르는 여름.     집에서도 내가 원하는 아이스크림을 만들어 먹을 수 있습니다.     여름철 시원하게 망고를 즐기는 방법으로 망고아이스바를 소개합니다.     입 안에서 부드럽게 녹아들어가는 생크림 아이스크림을 즐겨보세요.     볼에 달걀 노른자를 넣고 손거품기로 가볍게 풀어준다. 설탕을 넣고 다시 한 번 가볍게 풀어준다.   옥수수전분을 체에 내려 넣고 손거품기로 가볍게 풀어준다.   냄비에 우유를 넣고 불에 올려 데운 후, 불에서 내려 의 아이스크림을 코팅한다.   코팅한 아이스크림은 쿠키크런치를 이용하여 장식한다.",,
"상큼함이 녹아있는 부드러운 생크림 아이스크림에 달콤한 화이트초콜릿을 곁들였습니다.    화이트초콜릿의 달콤함이 라즈베리의 상큼한 맛을 한층 업그레이드 해주는 고급 아이스크림입니다.    모양도 예쁘게 꾸며서 여름철 시원한 간식을 만들어 보세요.     볼에 실온 상태의 크림치즈를 넣고 핸드믹서 거품기로 가장 약한 단계에서 부드러운 상태가 되도록 20초간 풀어 준다.   사워크림을 넣고 핸드믹서 거품기로 가장 약한 단계에서 10초간 풀어 준다.   설탕과 바닐라설탕을 넣고 핸드믹서 거품기로 가장 약한 단계에서 가볍게 풀어준다.   라즈베리퓨레를 넣고 핸드믹서 거품기로 가장 약한 단계에서 가볍게 풀어준다.   다른 볼에 생크림을 넣고 핸드믹서의 거품기로 가장 센 단계에서 부드러운 상태로 휘핑 한 후, 오렌지술을 넣고 실리콘주걱으로 가볍게 섞는다.   의 아이스크림을 코팅한다.   코팅한 아이스크림은 피스타치오를 이용하여 장식한다.",,
"바닐라향이 진하게 풍겨지는 아이스크림을 바삭한 쿠키와 함께 즐길수 있는 메뉴입니다.    더운 여름철 방학을 맞이한 아이들과 함께 재미나고 시원한 맛을 만들어 즐겨보세요.       다이제스티브는 커터에 곱게 간다.     버터는 중탕으로 녹인다.     미니 무스틀에 무스띠를 두른다.   볼에 곱게 간 다이제스티와 녹인 버터를 넣고 골고루 섞는다.   무스띠를 두른 미니 육각무스틀 바닥에 넣고 숟가락으로 누른다음 냉장고에 넣어 굳힌다.   젤라틴을 찬물에 10분간 불린다.   볼에 달걀 노른자 2개를 넣고 손거품기로 10초간 가볍게 풀어준 후, 옥수수전분과 박력분을 체에 내려 넣고 손거품기로 가볍게 섞는다.   바닐라빈을 반으로 갈라 칼 끝으로 씨를 긁는다. 냄비에 우유와 바닐라 씨를 넣고 중불에 올려 냄비 가장자리가 보글거릴 때까지 끓인다.   우유를 위에 으깬 다이제스티브를 뿌리고 다시 냉장고에 넣어 2시간 정도 차갑게 굳힌다.",,
요구르트의 시원함에 묻힌 복숭아를 느끼실 수 있는 여름의 디저트 요구르트 복숭아무스케이크를 소개합니다.    치즈케이크보다 부드러운 무스케이크는 여름에 좀 더 가볍게 즐기실 수 있는 디저트 입니다.       스펀지시트 1장     젤라틴 1ts위에 조심스럽게 부은후 냉장고에 30분이상 넣어둔다.,,
"따뜻한 녹차보다는 시원한 녹차아이스크림이 떠오르는 계절,     다른 방법으로 녹차를 부드럽고 차갑게 변신 시켜줄 레시피를 소개합니다.     부드럽고 폭신한 녹차시트와 시원한 녹차필링으로 이루어진     오늘의 케이크는 아이스크림보다는 조금 더 고급스러운 녹차 디저트입니다.     선물용이나 손님 접대용으로 손색이 없는 여름 디저트에 도전하세요.       달걀 흰자 2개, 설탕 75g, 바닐라설탕 1개의 볼에 휘핑한 생크림은 2~3번 나누어 넣고 실리콘 주걱으로 가볍게 섞어준다.   사각 무스틀에 필링을 넣는다.   필링 위에 시트를 올린 다음 냉장고에 넣어 1시간 이상 차갑게 굳힌다.",,
"롤케이크는 언제나 인기가 많은 아이템인것 같습니다.    선물하기에도, 누군가 대접할 때도, 간식으로도 거창하진 않지만 부드러운 매력을 품고 있는 아이죠.    오늘 롤케이크는 부드러운 케이크 시트에 블루베리의 상큼한 맛을 더한 필링이 어울리는 롤케이크입니다.         달걀 흰자 2개, 설탕 60g, 바닐라설탕 1개에 필링을 스패출러로 얇게 펴 바른다. 건조블루베리를 뿌려준 뒤, 시트를 안쪽부터 둥글려가며 살짝 말아 준 다음 유산지에 싸서 냉장고에 넣어 30분 차갑게 식힌다.",,
"오렌지가 겹겹이 올라가는 오늘의 메뉴는 오렌지의 상큼한 과즙이     베이스가 되는 타르트의 맛을 더욱 깔끔하게 잡아주는 타르트 입니다.      오렌지와 함께 시원하게 즐길 수 있는 오렌지타르트를 만들어 보세요.     상큼한 맛이 무더운 여름, 입맛을 깨워줄 거예요.       버터 75g, 슈가파우더 50g, 바닐라설탕 1개, 소금 ⅛ts의 타르트에 필링을 넣고 슬라이스한 오렌지를 얹는다. 냉장고에 넣어 1시간 동안 차갑게 굳힌다.",,
"블루베리가 맛있는 요즘 생 블루베리로도 응용이 가능한 레시피를 소개해 드립니다.    블루베리치즈케이크는 블루베리의 상큼함이 케이크 속에 그대로 녹아있고,    블루베리의 건강한 색 또한 케이크에 녹아있어 보기에도 좋은 디저트 입니다.       오레오쿠키 100g, 버터 30g     젤라틴 1½ts의 필링을 넣고 스크래퍼로 표면을 평평하게 정리한 후, 냉장고에 넣어 1시간 동안 차갑게 굳힌다.   휘핑크림과 블루베리 파이필링으로 장식한다.",,
"여름철엔 시원한 망고를 생과일로 먹어도 맛있지만     새로운 레시피를 원하는 베이커들에게 쉬운 망고디저트를 소개합니다.    오븐없이 만들 수 있는 디저트이기 때문에 무더운 더위에 시원하게 신선한 디저트를 만들어 보세요.       다이제스티브 100g, 버터 20g     젤라틴 1½ts을 부어 장식한다.",,
"초코치즈아이스롤케이크는  달지 않으면서도 모양까지 예쁜 롤케이크입니다.    폭신한 시트에 부드럽게 어울어지는 시원한 필링은 여름철에 어울리는 케이크입니다.     초콜릿이 들어가 아이들 입맛에도 제격이죠.    시원한 롤케이크 한 조각으로 아이들에게 시원한 여름 간식을 선사하세요.         달걀 2개, 설탕 70g, 바닐라설탕 1개의 필링을 케이크시트 위에 스패출러로 얇게 펴 바른다.   생크림을 바른 시트를 안쪽에서부터 둥글려가며 살짝 말아 준 다음 유산지에 싸서 냉장고에 넣어 30분간 차갑게 식힌다.",,
"스트레스 받고 입맛이 없는 여름엔 시원한 아이스아메리카노와     함께 어울리는 시원한 치즈케이크가 생각나는 날이 있죠.     오늘 소개해드릴 치즈케이크는 상큼한 유자향이 어우러져     새콤달콤함을 부드러운 치즈와 함께 즐길 수 있는 치즈케이크입니다.     쌉싸름한 아이스아메리카노에 빠질 수 없는 디저트를 색다르게 즐겨보세요.       달걀 2개, 설탕 60g, 바닐라설탕 1개의 속재료의 ½ 분량을 붓고 그 위에 시트를 올린 다음 나머지 속재료를 붓고 스크래퍼로 표면을 평평하게 정리한 다음 냉장고에 넣어 1시간 정도 굳힌다.   장식용 유자청과 미로와를 섞어 케이크 표면에 얹고 스패츌러로 평평하게 정리한다.",,
"바나나와 초콜릿은 디저트를 만들 때 잘 어울리는 한쌍입니다.     달콤하면서도 쌉싸름한 초콜릿에 함께 어울리는     달콤한 바나나는 고급스러운 디저트 맛을 만들어내죠.     바나나밀크초콜릿무스케이크는 그 조화를 맛보실 수 있는 시원한 디저트 입니다.    부드러운 달콤함을 맛보고 싶으시다면 오늘의 디저트에 도전해보세요.       1cm 두께의 초코스펀지시트 1장, 바나나 2~3개     판젤라틴 3장, 달걀 노른자 1개, 설탕 25g, 바닐라설탕 1개, 우유 60ml, 밀크커버처 초콜릿 100g,     생크림 150ml, 초콜릿술 1Ts에 속재료를 붓고 냉장고에서 2시간 정도 굳힌다.",,
"이탈리아어로 기분을 업 시켜준다는 속 뜻을 가지고 있는 이름 만큼이나     나의 기분을 좋게 만들어주는 케이크 티라미수.    케이크 윗면의 쌉싸름한 코코아가루는 달콤한 크림치즈가 맛의 균형을 잡아주고,     촉촉한 시트는 부드러운 크림치즈 필링과 어울어지는 완벽한 디저트 입니다.    기분을 좋게 만들어주는 티라미수를 만들어 좋은 기분을 주변에도 선물하세요.       달걀 3개, 설탕 90g, 바닐라설탕 1개 의 필링을 ½ 넣는다. 필링 위에 시트를 올린 다음 나머지 필링을 붓고 스크래퍼로 표면을 평평하게 정리한 후 냉장고에서 2시간 이상 굳힌다.   굳힌 케이크 표면에 무가당 코코아가루를 듬뿍 뿌리고 장식 시트를 얹은 다음 그 위에 슈가파우더를 뿌린다. 장식시트를 조심스럽게 들어내 완성한다.",,
"오렌지컵무스는 오렌지의 상큼함과 무스의 부드러움이     어우러져 누구나 다양하게 즐길수 있는 디저트입니다.    무더워진 날씨에 여름디저트 만들기로 시원한 하루를 만들어보세요.       시판용시트 1장     판젤라틴 3장, 크림치즈 60g, 사워크림 30g, 설탕 35g, 바닐라설탕 1개를 올려 마무리한다.",,
"‘프린세스’하면 공주풍의 깜찍한 프릴이 생각나는데요. 주름 잡힌 프릴모양을 닮아서 붙인 이름이예요.    쌉싸름한 코코아를 달콤하게 덮어주는 화이트초콜릿은 쿠키의 고소한 풍미를 더해줍니다.    가벼운 식감의 프린세스쿠키를 만들어 화창한 오후를 즐겨보세요.        버터 60g, 설탕 30g, 소금 ⅛ts     화이트 코팅용초콜릿 100g, 피스타치오 20g     버터와 달걀은 실온 상태가 되도록 냉장고에서 꺼내 30분 이상 둔다.     오븐은 180℃로 10분간 예열한다.   볼에 실온상태의 버터를 넣고 핸드믹서 거품기로 가장 약한 단계에서 30초간 풀어준다.   설탕과 바닐라설탕, 소금을 2번에 나눠 조금씩 넣어 가며 부드러운 상태가 되도록 핸드믹서 거품기로 가장 약한 단계에서 2분간 휘핑한다.   실온 상태의 달걀 노른자를 넣고 핸드믹서 거품기로 가장 약한 단계에서 고운 크림 상태가 될 때까지 1분간 휘핑한다.   박력분, 코코아가루, 아몬드가루를 체에 내려 넣고, 실리콘 주걱으로 가루가 보이지 않을 때까지 가볍게 섞는다. 우유를 넣고 실리콘 주걱으로 가볍게 섞는다.   별모양깍지를 끼운 짤주머니에 반죽을 담는다. 유산지를 깐 쿠키팬에 모양내어 짠 후, 180℃ 오븐에 12분간 굽는다.   중탕으로 코팅용 화이트초콜릿을 녹인다.   완성된 쿠키는 식힘망에 올려 충분히 식힌다.   중탕으로 녹인 화이트 코팅용초콜릿을 이용하여 쿠키 한쪽을 코팅한다. 초콜릿이 굳기 전에 다진 피스타치오를 올려 장식한다.",,
"더운 여름, 베이킹하기가 어렵게 느껴지는 분들께 시원하게 즐길수 있는 디저트를 소개합니다.    자몽아이스케이크는 자몽젤리가 시원하게 어우러지는 상큼한 케이크랍니다.    아이스크림처럼 시원하면서도 신선한 맛으로 여름을 즐기세요.       시판용시트 1장     판젤라틴 3장, 크림치즈 160g, 사워크림 100g, 설탕 45g, 생크림 70ml     자몽쥬스 100ml, 가루젤라틴 1ts을 붓고 냉장고에서 다시 한번 1시간 동안 차갑게 굳혀 완성한다.",,
"바질페스토 향이 가득한 홈메이드표 피자. 바질페스토는 만들기 어렵지 않기 때문에     간편하게 맛있는 피자를 맛보실 수 있습니다. 신선한 바질로 싱그러운 피자를 만들어 보세요.     또띠아를 이용해 간단하면서도 칼로리 부담 또한 약간은 덜 수 있는 피자입니다.    다양한 재료로도 응용할 수 있으니 아이들 간식거리로도 활용하면 좋을 것 같아요.        생바질 100g, 아몬드가루 20g, 호두 20g, 마늘 2개, 파마산 치즈가루 30g, 소금, 후추, 올리브유 180ml     또띠아 1장, 방울토마토 6~7개, 바질 6장, 피자치즈 80g     바질은 깨끗하게 씻어서 준비한다.     방울 토마토는 ½ 등분하여 준비한다.     오븐은 200℃로 15분간 예열한다.   커터에 생바질과 아몬드가루, 호두, 마늘, 파마산치즈가루, 소금, 후추를 넣고 30초간 돌려 곱게 간다.   올리브유를 넣고 다시 한번 커터기를 돌려 곱게 간다.   완성된 바질페스토는 냉장고에 넣어 숙성시킨다.   또띠아에 바질페스토를 바른다.   준비된 생바질과 토마토를 얹는다.   모짜렐라치즈를 뿌려준후  200℃로 예열한 오븐에 6~8분간 굽는다.",,
"고프르는 벌집이라는 뜻으로 와플을 구워내는 철판 모양에서 이름을 따온 프랑스식 와플입니다.    바삭하면서도 가벼운 식감으로 생크림이나 아이스크림, 각종 과일이나 잼과 곁들여 먹기 좋은 와플입니다.    여름이 다가오는 나른한 토요일 오후에 와플 한 조각을 담백하고 시원한 생크림과 함께 즐겨보세요.       우유 120ml, 버터 100g, 설탕 1Ts의 볼에 휘핑한 머랭을 2~3번에 나누어 넣고 실리콘 주걱으로 가볍게 섞어준다.   반죽을 하나로 뭉친 다음 냉장고에 넣어 1시간 이상 휴지한다.   철판이형제를 바른 와플틀에 반죽을 넣고 중불에 1분 30초에서 2분간 구운 뒤, 뒤집어서 1분 정도 더 구워 완성한다.",,
"기름에 방금 튀겨 설탕을 듬뿍 묻혀 먹으면 따뜻함에 설탕이 입안에서 사르르 녹으며 매력을 뿜어내는 츄러스.    아이들에게 간식거리로, 혹은 맥주 안주로도 매력적인 간식입니다.    직접 만들어 더 특별한 츄러스로 먹는 사람들에게 기쁨을 선물하세요.       우유 45ml, 물 40ml, 버터 65g, 소금 ¼ts의 반죽을 넣고 앞뒤가 노릇해지도록 2~5분간 튀겨낸다.   따뜻할 때 설탕과 계피가루 섞은것을 충분히 묻혀 준다.",,
"요즘 인도식 카레집에서 쉽게 접할 수 있는 난은 만들기 어렵지 않아     맛있는 카레만 있다면 집에서도 즐거운 외식 분위기를 낼 수 있습니다.    꼭 카레가 아니어도 속 재료를 다양하게 활용하면 인도식 난을 다르게 변신 시킬 수 있습니다.    사용하는 방법이 다양하면서도 만들기 쉬운 난을 만들어 푸짐한 저녁 시간을 가져보세요.       강력분 100g, 박력분 50g, 베이킹파우더 2ts, 플레인요구르트 100g, 버터 10g     버터는 미리 녹여 준비한다.   볼에 강력분, 박력분, 베이킹파우더를 체에 내린다.   소금, 플레인요구르트를 넣고 손거품기로 가볍게 섞어준다.   녹인버터를 넣고 손거품기로 가볍게 섞은 뒤, 가루가 없어질 때까지 손으로 반죽하여 한 덩어리로 뭉쳐 놓는다.   반죽을 45g씩 분할하고 덧가루를 뿌려 밀대로 민다.   약불로 달군 프라이팬에 반죽을 올려 노릇노릇하게 굽고 뒤집는다.",,
"모닝빵은 어떤 재료와도 다양하게 어울릴 수 있는 부드러운 빵이죠.     오늘은 여름 제철감자와 함께 어울려 먹을 수 있는 샐러드빵을 소개합니다.    여름 제철감자로 만든 샐러드는 어떤 샐러드보다도 달고 맛있죠.    모닝빵 속에 감자샐러드를 꽉 채워 든든한 한끼로 채워보세요.    브런치나 뒷산에 올라갈 때 시원한 우유 한잔과 샐러드빵으로 기분을 업 시켜 주세요.       강력분 200g, 옥수수가루 30g, 설탕 15g, 소금 ½ts, 햄 50g     감자는 깨끗하게 손질하여 삶아서 으깬다.     강력분은 체에 내린다.     우유와 물은 35℃ 정도로 데운다.     달걀과 버터는 실온 상태가 되도록 냉장고에서 꺼내 둔다.     오븐은 180℃로 15분간 예열한다.   제빵기 반죽통에 설탕, 소금, 우유, 물, 달걀을 순서대로 넣고 강력분과 옥수수가루를 체에 내린 다음 드라이이스트와 버터를 넣는다.   제빵기에 넣고 반죽한 뒤 1시간 30분 후 반죽이 끝나면 반죽통에서 반죽을 꺼내 30g씩 분할한다.    반죽을 둥글리기 하고 면보를 씌워 15분간 중간 발효 한다.   중간 발효시킨 반죽을 베이킹틀에 넣고 면보를 씌운 다음 따뜻한 곳에서 2차 발효한다. 반죽은 핸드믹서의 반죽기를 사용하여 손 반죽해도 된다.   2배로 부푼 반죽에 옥수수가루를 뿌려 장식하고 180℃로 예열한 오븐에 넣어 12~15분간 굽는다.   식힘망에 얹어 한김 식힌다.   으깬 감자에 사워크림, 플레인요구르트, 설탕, 파슬리가루, 레몬즙, 햄을 넣어 골고루 섞고 소금과 후추로 마무리하여 샐러드를 완성한다.",,
"계란빵은 부드러운 빵 반죽과 함께 통째로 익힌 달걀이 부드럽게 어우러지는 간식이죠.    아이들 간식으로 좋은 계란빵은 집에 있는 다양한 야채를 응용해서 영양 간식을 만들 수도 있는 좋은 아이템 입니다.    부드러운 계란빵으로 즐거운 간식 타임을 가지세요. 인기 만점 간식이 될 거예요.       달걀 1개, 설탕 30g, 바닐라설탕 1개, 박력분 125g, 베이킹파우더 1ts, 우유 100ml     달걀, 햄, 치즈, 소금, 파슬리가루     달걀과 우유는 실온상태가 되도록 냉장고에서 꺼내 30분 이상 둔다.     머핀팬에 철판이형제를 바른다.     오븐은 180℃로 15분간 예열한다.   달걀 1개를 손거품기로 가볍게 풀어준다.   설탕과 소금을 넣고 손거품기로 저어가며 골고루 섞는다.   박력분을 체에 내리고 손거품기로 가루가 반쯤 섞일 때까지 가볍게 섞는다.   우유를 넣고 손거품기로 가볍게 섞는다.   철판이형제를 바른 머핀틀에 골고루 섞인 반죽을 넣는다.   달걀을 반죽 위에 한개씩 얹는다.   치즈와 햄을 먹기 좋은 크기로 잘라서 달걀 위에 올린다.   파슬리가루와 소금을 뿌리고 180℃로 예열된 오븐에 12~15분간 굽는다.",,
"얇게 구워 다양한 필링재료를 함께 먹을 수 있는 크레이프.    오늘은 홈메이드 리코타치즈를 함께 곁들여 먹을 수 있는 방법을 소개해 드립니다.    감자가 들어간 크레이프 속에 홈메이드표 리코타치즈와 다양한 채소,    크랜베리등을 곁들여 먹으면 훌륭한 브런치로 즐기실 수 있습니다.       생크림 300ml, 우유 500ml, 레몬즙 3Ts     깨끗하게 손질한 감자는 미리 갈아서 준비한다.     달걀과 우유는 실온 상태가 되도록 냉장고에서 꺼내 30분 이상 둔다.   볼에 달걀 1개를 넣고 손거품기로 가볍게 풀어준다.   미리 갈아 놓은 감자와 소금을 넣고 손거품기로 골고루 섞는다.   박력분을 체에 내려 넣고 손거품기로 가루가 보이지 않을 때까지 가볍게 섞는다.   우유와 올리브유를 넣고 손거품기로 가볍게 섞는다.   팬에 반죽을 올리고 얇게 펼쳐서 굽는다.   냄비에 우유, 생크림을 넣고 중불에 올린다.   우유와 생크림이 끓어 오르면 레몬즙과 소금을 넣고 끓인다.    약불에서 보글보글 끓으면서 멍울이 질때까지 끓인 다음 불에서 내리고 면보에 받쳐 물기를 제거한다.   완성된 치즈는 밀폐용기에 담아 냉장 보관 한다.",,
"만주는 속에 꽉 찬 달콤한 앙금이 입안 가득 더해주는 과자입니다.    팥앙금과 함께 호두 같은 견과류를 함께 넣어 만들면 씹는 재미와 고소함이 더해지는 구움만주를 만드실 수 있습니다.    감자가 들어간 반죽을 노릇하게 구워 고소하고 맛있는 만주를 만들어보세요. 색다른 별미가 되는 간식입니다.       감자 80g, 박력분 100g, 베이킹파우더 1ts의 반죽을 올리고 윗부분을 살짝 누르듯이 구워준다.",,
"푸딩은 쪄서 만드는 과자라고 볼 수 있는 부드러운 디저트 입니다.    밖에서만 사먹었던 푸딩을 여름이 제철인 감자를 이용하여 만들어 보세요.    생크림과 노른자의 부드러움과 달콤함이 감자를 감싸 목 넘김이 좋은 간식거리 입니다.    차갑게 해서 드시면 더욱 맛있기 때문에 일찍 찾아온 더위에 푸딩을 만들어 시원하게 가족과 함께 즐겨보세요.       우유 150ml, 생크림 60ml, 달걀 1개, 달걀 노른자 1개, 설탕 40g, 바닐라설탕 1개 , 감자 80g~100g     깨끗하게 손질한 감자는 미리 갈아서 준비한다.     중탕용 직사각틀에 60~70℃의 따뜻한 물을 붓는다.     오븐은 100℃로 10분간 예열한다.   볼에 달걀 1개와 달걀 노른자 1개를 넣고 손거품기로 잘 풀어 준다.   설탕과 바닐라설탕을 넣고 손거품기로 골고루 섞는다.   미리 갈아서 준비한 감자를 넣고 손거품기로 섞는다.   우유와 생크림을 넣고 손거품기로 골고루 섞는다.   푸딩병에 푸딩을 붓는다.   중탕용 틀에 푸딩병을 담고 100℃로 예열한 오븐에 30분간 굽는다.",,
"바삭한 튀김과자를 좋아하는 분이라면 여름 제철 감자로 튀김감자를 만들어 보세요.    감자와 두부가 들어가 고소하고, 집에서 튀기니 믿을 수 있는 간식거리입니다.    하나하나 먹다 보면 중독되는 감자두부스낵!     굽는 과자에서 하루쯤은 재료도 방법도 색다른 레시피에 도전해 보세요.       감자 40g, 두부 40g, 설탕 50g, 소금 ½ts의 반죽을 하나씩 떼어 넣고 앞뒤가 노릇노릇해지도록 1~2분간 튀겨낸다.",,
"플로랑탱은 생크림, 설탕, 꿀, 버터, 물엿, 아몬드 슬라이스,     오렌지필, 과실 설탕절임을 배합하여 만든 고급스러운 디저트에요.    이탈리아의 도시 ‘피렌체’를 의미하는 플로랑탱은 피렌체 메디치가의 딸인 카트린이    프랑스의 앙리 2세와 결혼하면서 갖고 온 과자 중의 하나로 알려져 있어요.    고급스러움과 고소함이 가득한 플로랑탱 만들어볼까요.       버터 65g, 슈가파우더 65g, 바닐라설탕 1개, 소금 ⅛ts, 달걀 ½개, 박력분 125g     버터 50g, 설탕 75g, 생크림 50ml, 물엿 25g, 꿀 25g, 아몬드슬라이스 40g, 건조믹스필 20g     버터, 달걀, 생크림은 냉장고에서 꺼내 30분 이상 둔다.     정사각틀에 유산지를 깐다.     생크림은 전자레인지로 따뜻하게 데운다.     오븐은 180℃로 10분간 예열한다.   볼에 실온 상태의 버터를 넣고 핸드믹서 거품기의 가장 약한 단계에서 부드러운 상태가 되도록 30초간 풀어 준다.   슈가파우더, 바닐라설탕, 소금을 2~3번에 나눠 넣으면서 핸드믹서 거품기로 가장 약한 단계에서 30초 정도 가볍게 섞는다.   달걀을 넣고 핸드믹서 거품기로 가장 약한 단계에서 1분간 휘핑한다.   박력분을 체에 내려 넣고 실리콘 주걱으로 가볍게 섞는다. 비닐에 완성된 반죽을 넣어 손으로 눌러 가며 하나의 반죽 덩어리로 뭉친 다음, 냉장고에 넣어 30분 정도 휴지한다.   정사각틀에 휴지한 반죽을 넣고, 롤러로 밀어 편다. 덧가루를 살짝 뿌린 다음 포크로 구멍을 내고, 180℃로 예열한 오븐에 넣어 15분간 굽는다.   냄비에 버터, 설탕을 넣고 녹인다.   물엿, 꿀을 넣고 전체적으로 바글바글 끓인다.   따뜻하게 데운 생크림을 나누어 넣고 실리콘 주걱으로 젓는다.   아몬드슬라이스와 건조믹스필을 넣고 섞으면서 조린다.   필링이 굳기 전에 구운 시트에 재빨리 붓고 실리콘 주걱으로 평평하게 정리한다. 190℃로 예열한 오븐에 넣어 20분간 굽는다.    사각팬째 식힘망에 얹어 식힌 후 팬에서 분리하고, 빵칼을 이용해 직사각형으로 자른다.",,
"담백하면서 부담 없이 먹을 수 있는 간식을 찾으셨던 분들이라면 쉽게 만들 수 있는 그리시니를 소개합니다.    감자가 들어가 고소하면서 검은깨가 그 고소함을 한껏 높여주는 그리시니는     남녀노소 누구나 자꾸자꾸 손이 가게끔 만드는 간식입니다.    여름 제철 감자로 만든 그리시니를 가족과 함께 즐기며 나누세요.       강력분 100g, 박력분 65g, 설탕 10g, 소금 1ts, 버터 50g, 달걀 노른자 1개,     감자 100g     달걀 노른자, 검은깨     깨끗하게 손질한 감자는 미리 갈아서 준비한다.     쿠키팬에 유산지를 깐다.     오븐은 220℃로 15분간 예열한다.   볼에 강력분, 박력분을 체에 내린다.   설탕, 소금, 드라이이스트, 버터, 달걀노른자, 갈아놓은 감자를 넣고 가장 약한 단계에서 5분 정도 반죽하다 버터를 넣고 5분간 더 반죽한다.    반죽이 고슬고슬하게 뭉쳐지면 손으로 매끄러운 상태가 되도록 뭉쳐준다.   반죽을 손바닥으로 굴려 가며 50cm 길이의 막대모양으로 늘인다.    반죽 표면에 빵솔로 달걀 노른자를 바른다.   노른자 위에 검은깨를 뿌린 다음 예열한 220℃ 오븐에 8분간 굽는다.",,
"아이들에게 엄마표 간식을 해주고 싶을 때, 추천해 드리는 땅콩샌드쿠키입니다.    가운데 고소한 땅콩크림을 듬뿍 발라 주면 남녀노소 누구나 좋아하는 쿠키 입니다.    한번 먹으면 자꾸만 손이 가는 매력적인 땅콩샌드쿠키!    낱개로 포장해서 선물하기에 좋은 쿠키에요.       버터 50g, 땅콩버터 60g, 설탕 50g, 바닐라설탕 1개, 소금 ¼ts     크림치즈 50g, 땅콩버터 40g, 슈가파우더 20g     버터와 달걀은 실온 상태가 되도록 냉장고에서 꺼내 30분 이상 둔다.     쿠키팬에 유산지를 깐다.     오븐은 180℃로 10분간 예열한다.   볼에 실온 상태의 버터와 땅콩버터를 넣고 핸드믹서 거품기의 가장 약한 단계에서 부드러운 상태가 되도록 30초간 풀어 준다.   설탕과 바닐라설탕, 소금을 2~3번에 나눠 넣으며, 핸드믹서 거품기로 가장 약한 단계에서 30초 정도 가볍게 섞는다.   실온 상태의 달걀 노른자를 넣고 잘 섞일 때까지 핸드믹서 거품기로 가장 약한 단계에서 1분간 휘핑한다.   박력분, 베이킹파우더를 체에 내린 다음 실리콘 주걱으로 가볍게 섞는다.   반죽을 비닐에 넣고 손으로 눌러 가며 덩어리로 뭉친 다음 냉장고에서 1시간 정도 휴지한다.   바닥에 비닐을 깔고 밀가루를 뿌린 다음 반죽을 놓고 밀가루를 뿌려 비닐을 덮는다.       두께 5mm가 되도록 밀대로 얇게 밀어 편다. 반죽이 붙지 않도록 사각쿠키틀에 밀가루를 살짝 묻혀 모양을 찍어 낸다.   유산지를 깐 쿠키팬에 반죽이 서로 붙지 않도록 일정한 간격을 두고 올린다.  180℃로 예열한 오븐에 12분간 구워 식힘망에 얹고 식힌다.   볼에 크림치즈와 땅콩버터를 넣고 핸드믹서 거품기의 가장 약한 단계에서 부드러운 상태가 되도록 30초간 풀어 준다.   슈가파우더를 넣고, 핸드믹서 거품기로 가장 약한 단계에서 30초 정도 가볍게 섞는다.   쿠키 사이에 땅콩크림을 짠 후, 쿠키를 마주 붙여 완성한다.",,
"아몬드가 들어 있어 고소한 맛이 일품인 아몬드트윌이에요.    바삭바삭한 식감의 쿠키라서 자꾸만 손이 가는 디저트에요.    아이들 간식용으로도 아주 좋아요.     만드는 법도 간단한 아몬드트윌에 도전해보세요.       달걀 흰자 2개, 설탕 90g, 바닐라설탕 1개, 박력분 20g, 아몬드슬라이스 120g, 녹인버터 20g     버터는 중탕으로 녹여 준비한다.     쿠키팬에 유산지를 깐다.     오븐은 180℃로 10분간 예열한다.   볼에 달걀 흰자를 넣고 손거품기로 가볍게 섞는다.   설탕, 바닐라설탕을 2~3번에 나눠 넣고, 손거품기로 가볍게 섞는다.   박력분을 체에 내려 넣고, 실리콘주걱으로 가볍게 섞는다.   아몬드슬라이스를 넣고, 손거품기로 가볍게 섞는다.   녹인 버터를 넣고, 실리콘주걱으로 가볍게 섞는다.   유산지를 깐 쿠키팬에 반죽을 스푼으로 떠서 올리고 얇은 원형으로 펴준다. 예열한 180℃ 오븐에서 12분간 굽는다.",,
